University of Alabama at Birmingham	Birmingham	AL	117	18368.0	1125.0	0.581351094	14979.5	0.407
Alabama State University	Montgomery	AL	835	16156.0	825.0	0.458963879	15738.0	0.3788
The University of Alabama	Tuscaloosa	AL	109	26950.0	1202.0	0.525851924	17340.0	0.4452
Auburn University at Montgomery	Montgomery	AL	846	20710.0	1009.0	0.765920826	10750.0	0.3556
Auburn University	Auburn	AL	116	28840.0	1217.0	0.80543383	17000.0	0.5067
Faulkner University	Montgomery	AL	1147	20130.0	972.0	0.453802126	14450.0	0.3944
Huntingdon College	Montgomery	AL	1251	25800.0	1001.0	0.567599068	16950.0	0.5123
Jacksonville State University	Jacksonville	AL	625	14700.0	1062.0	0.530829484	16450.0	0.4264
Judson College	Marion	AL	1615	17376.0	1013.0	0.575539568	9500.0	0.0183
University of Mobile	Mobile	AL	1310	21400.0	1029.0	0.619251337	16750.0	0.3694
University of Montevallo	Montevallo	AL	1037	24310.0	1069.0	0.654241645	17028.0	0.3218
University of North Alabama	Florence	AL	692	14450.0	1028.0	0.557395644	12750.0	0.4097
Oakwood University	Huntsville	AL	1252	16750.0	886.0	0.483693156	26500.0	0.4148
Samford University	Birmingham	AL	503	29402.0	1170.0	0.913813117	15832.0	0.3481
University of South Alabama	Mobile	AL	509	14796.0	1067.0	0.805016181	15000.0	0.4616
Spring Hill College	Mobile	AL	880	35794.0	1121.0	0.435317553	20500.0	0.3662
Stillman College	Tuscaloosa	AL	1477	10418.0	765.0	0.419190751	12500.0	0.4331
Troy University	Troy	AL	502	15484.0	992.0	0.912466398	14250.0	0.3973
Tuskegee University	Tuskegee	AL	523	20015.0	1006.0	0.499903307	25432.5	0.3715
University of Alaska Fairbanks	Fairbanks	AK	167	18184.0	1060.0	0.734746307	9500.0	0.4546
Prescott College	Prescott	AZ	1152	28943.0	1089.0	0.684713376	14962.0	0.4017
Arizona Christian University	Phoenix	AZ	1470	23896.0	963.0	0.591623037	9500.0	0.6096
University of Arkansas at Little Rock	Little Rock	AR	357	19499.0	1029.0	0.898280098	12375.0	0.3961
Lyon College	Batesville	AR	1301	26290.0	1099.0	0.741731175	12000.0	0.5344
University of Arkansas	Fayetteville	AR	132	23168.0	1170.0	0.632016342	14181.0	0.4737
University of Arkansas at Pine Bluff	Pine Bluff	AR	1291	12988.0	894.0	0.419329451	12250.0	0.4105
University of Central Arkansas	Conway	AR	443	14447.0	1082.0	0.89780577	12000.0	0.4072
Central Baptist College	Conway	AR	1628	15000.0	1018.0	0.619496855	13996.5	0.5472
Harding University	Searcy	AR	640	18635.0	1135.0	0.701849346	19692.0	0.4437
Henderson State University	Arkadelphia	AR	1101	15180.0	1030.0	0.661100196	11000.0	0.4295
Hendrix College	Conway	AR	737	42440.0	1287.0	0.771038251	21500.0	0.4753
John Brown University	Siloam Springs	AR	946	25324.0	1173.0	0.771144279	16795.0	0.4154
Ouachita Baptist University	Arkadelphia	AR	1079	24940.0	1116.0	0.668808411	14607.5	0.4672
University of the Ozarks	Clarksville	AR	1394	23750.0	999.0	0.868156425	6500.0	0.4926
Williams Baptist University	Walnut Ridge	AR	1653	17320.0	970.0	0.605105105	11952.0	0.5184
Azusa Pacific University	Azusa	CA	387	36120.0	1035.0	0.614570361	18500.0	0.3383
Biola University	La Mirada	CA	344	36696.0	1093.0	0.648531755	19500.0	0.3627
California Baptist University	Riverside	CA	793	31372.0	988.0	0.639911487	20820.5	0.3678
California Institute of Technology	Pasadena	CA	53	47577.0	1555.0	0.080671043	11500.0	0.5914
California Lutheran University	Thousand Oaks	CA	618	39793.0	1107.0	0.641942458	18219.5	0.4292
Chapman University	Orange	CA	234	48710.0	1225.0	0.540285469	19000.0	0.394
San Diego Christian College	Santee	CA	1651	29550.0	938.0	0.53298153	15822.5	0.4681
Claremont McKenna College	Claremont	CA	517	50945.0	1413.0	0.0944497	13000.0	0.5119
Dominican University of California	San Rafael	CA	677	43400.0	1039.0	0.777452416	27000.0	0.27
Fresno Pacific University	Fresno	CA	938	29320.0	968.0	0.684782609	18000.0	0.2854
Harvey Mudd College	Claremont	CA	286	52666.0	1496.0	0.128708134	21254.0	0.538
Holy Names University	Oakland	CA	1290	37074.0	888.0	0.484599589	20197.0	0.3573
Humboldt State University	Arcata	CA	263	18369.0	983.0	0.77093938	13600.0	0.4388
Life Pacific College	San Dimas	CA	1583	14138.0	889.0	0.973214286	13000.0	0.4382
University of La Verne	La Verne	CA	821	39900.0	1040.0	0.48055005	21580.0	0.4094
La Sierra University	Riverside	CA	1091	31590.0	906.0	0.459338473	16000.0	0.4115
Loyola Marymount University	Los Angeles	CA	259	44480.0	1244.0	0.53872353	19490.5	0.4367
Menlo College	Atherton	CA	1471	39950.0	1010.0	0.408656036	16125.0	0.5515
Mills College	Oakland	CA	644	45635.0	1109.0	0.844106464	19000.0	0.0
Mount Saint Mary's University	Los Angeles	CA	1414	37722.0	923.0	0.859211585	21000.0	0.0626
Notre Dame de Namur University	Belmont	CA	1444	33268.0	913.0	0.966774716	19500.0	0.3411
Occidental College	Los Angeles	CA	418	51070.0	1315.0	0.458105789	21000.0	0.4384
Hope International University	Fullerton	CA	1420	30550.0	942.0	0.357478833	15500.0	0.4085
Pacific Union College	Angwin	CA	1008	28629.0	986.0	0.465461289	22000.0	0.39
University of the Pacific	Stockton	CA	377	44588.0	1180.0	0.659864713	20120.5	0.4663
Pepperdine University	Malibu	CA	205	50022.0	1251.0	0.368733687	24250.0	0.4121
Point Loma Nazarene University	San Diego	CA	853	33500.0	1149.0	0.694180898	18667.0	0.3533
Pomona College	Claremont	CA	307	49352.0	1442.0	0.094421131	11700.0	0.499
University of Redlands	Redlands	CA	634	46570.0	1101.0	0.747479176	25000.0	0.4405
San Diego State University	San Diego	CA	101	18244.0	1132.0	0.346385245	13277.0	0.4577
University of San Diego	San Diego	CA	228	46140.0	1237.0	0.513841671	21250.0	0.4591
San Francisco State University	San Francisco	CA	122	17644.0	979.0	0.681997626	13000.0	0.4431
University of San Francisco	San Francisco	CA	199	44494.0	1150.0	0.713650337	21953.0	0.3815
William Jessup University	Rocklin	CA	1457	28700.0	1023.0	0.725067385	15000.0	0.3969
Santa Clara University	Santa Clara	CA	145	47112.0	1321.0	0.483011242	19166.0	0.5008
Scripps College	Claremont	CA	857	50982.0	1353.0	0.298808736	12500.0	0.0
Simpson University	Redding	CA	1574	25950.0	985.0	0.5215311	15765.0	0.3376
Saint Mary's College of California	Moraga	CA	619	44360.0	1093.0	0.803863299	21500.0	0.403
Sonoma State University	Rohnert Park	CA	267	18548.0	990.0	0.762722145	13000.0	0.3698
Vanguard University of Southern California	Costa Mesa	CA	1131	31430.0	942.0	0.702397743	19000.0	0.3479
University of Southern California	Los Angeles	CA	21	52283.0	1395.0	0.166212233	21250.0	0.482
Thomas Aquinas College	Santa Paula	CA	1118	24500.0	1249.0	0.74611399	17000.0	0.5078
Westmont College	Santa Barbara	CA	802	42900.0	1171.0	0.827586207	18750.0	0.3915
Whittier College	Whittier	CA	775	44774.0	1040.0	0.694520016	20500.0	0.4297
Woodbury University	Burbank	CA	1127	37906.0	1012.0	0.662407532	27000.0	0.5131
Adams State University	Alamosa	CO	965	20169.0	933.0	0.985692386	11425.0	0.5131
University of Colorado Colorado Springs	Colorado Springs	CO	336	18770.0	1069.0	0.928623002	12197.0	0.4793
University of Colorado Boulder	Boulder	CO	38	35079.0	1229.0	0.766205539	14000.0	0.5588
Colorado School of Mines	Golden	CO	321	36172.0	1354.0	0.403533051	21915.0	0.7202
University of Denver	Denver	CO	133	46422.0	1262.0	0.534740675	19500.0	0.4646
Fort Lewis College	Durango	CO	680	17816.0	1014.0	0.921229587	10500.0	0.5041
Colorado Mesa University	Grand Junction	CO	741	18996.0	989.0	0.82746085	10875.0	0.4611
Metropolitan State University of Denver	Denver	CO	516	20096.0	951.0	0.638675096	12988.0	0.4645
University of Northern Colorado	Greeley	CO	392	20474.0	1031.0	0.902697921	12500.0	0.359
Regis University	Denver	CO	558	34450.0	1098.0	0.565867377	18500.0	0.3954
Colorado State University-Pueblo	Pueblo	CO	996	24101.0	969.0	0.963819941	11750.0	0.487
University of Bridgeport	Bridgeport	CT	697	31630.0	930.0	0.577844741	20500.0	0.3655
Central Connecticut State University	New Britain	CT	358	22602.0	1000.0	0.600128041	15834.5	0.5358
University of Connecticut	Storrs	CT	82	35858.0	1230.0	0.491001808	18750.0	0.4988
University of Hartford	West Hartford	CT	457	37790.0	1046.0	0.719309545	19000.0	0.488
University of New Haven	West Haven	CT	604	37060.0	1043.0	0.805317164	21500.0	0.4951
Post University	Waterbury	CT	1155	16510.0	893.0	0.407144442	8412.0	0.378
Quinnipiac University	Hamden	CT	150	43940.0	1096.0	0.764387877	21500.0	0.3943
University of Saint Joseph	West Hartford	CT	1323	36870.0	985.0	0.876010782	23250.0	0.0214
Southern Connecticut State University	New Haven	CT	620	22915.0	933.0	0.635246377	16000.0	0.3839
Yale University	New Haven	CT	10	49480.0	1502.0	0.063221498	12000.0	0.509
Delaware State University	Dover	DE	518	16138.0	898.0	0.406495486	19500.0	0.3608
University of Delaware	Newark	DE	78	32250.0	1170.0	0.695044161	21250.0	0.4259
American University	Washington	DC	107	44853.0	1262.0	0.259146184	19926.0	0.3671
Gallaudet University	Washington	DC	312	16078.0	827.0	0.661448141	10250.0	0.4856
George Washington University	Washington	DC	65	51950.0	1300.0	0.402110797	21500.0	0.4294
Georgetown University	Washington	DC	47	50547.0	1422.0	0.168475271	14750.0	0.4419
Howard University	Washington	DC	222	24908.0	1142.0	0.300027435	23000.0	0.329
The Baptist College of Florida	Graceville	FL	1685	10800.0	910.0	0.58677686	10750.0	0.5814
Barry University	Miami	FL	584	28800.0	930.0	0.615920398	19500.0	0.3903
Lynn University	Boca Raton	FL	828	36650.0	984.0	0.81730222	10000.0	0.509
University of Central Florida	Orlando	FL	85	22467.0	1179.0	0.49994267	14500.0	0.4539
Eckerd College	Saint Petersburg	FL	743	41538.0	1125.0	0.721329279	19623.0	0.3565
Florida Agricultural and Mechanical University	Tallahassee	FL	493	17725.0	1001.0	0.311104751	22000.0	0.3515
Florida Atlantic University	Boca Raton	FL	142	17276.0	1047.0	0.597787138	12000.0	0.4386
Florida College	Temple Terrace	FL	1613	16550.0	1068.0	0.785211268	12000.0	0.4879
AdventHealth University	Orlando	FL	1216	13480.0	917.0	0.762917933	16917.0	0.1949
Florida Institute of Technology	Melbourne	FL	301	40446.0	1179.0	0.613280017	10500.0	0.7031
Florida International University	Miami	FL	99	18954.0	1130.0	0.500710716	13750.0	0.4405
Florida Southern College	Lakeland	FL	763	33150.0	1177.0	0.455426357	15921.0	0.3545
Florida State University	Tallahassee	FL	72	21673.0	1214.0	0.580149516	18053.0	0.4468
University of Florida	Gainesville	FL	27	28659.0	1279.0	0.46421876	15000.0	0.4472
University of Miami	Coral Gables	FL	90	47004.0	1323.0	0.377121249	17500.0	0.4774
University of North Florida	Jacksonville	FL	285	20798.0	1110.0	0.645337564	12186.0	0.4426
Nova Southeastern University	Fort Lauderdale	FL	188	28736.0	1127.0	0.52541335	18750.0	0.3047
Palm Beach Atlantic University	West Palm Beach	FL	994	28520.0	1076.0	0.933747412	14500.0	0.3411
Saint Leo University	Saint Leo	FL	621	21440.0	1032.0	0.697400578	12727.0	0.402
St. Thomas University	Miami Gardens	FL	883	28800.0	930.0	0.541267943	14750.0	0.503
Southeastern University	Lakeland	FL	913	24160.0	978.0	0.458507757	11000.0	0.4368
The University of Tampa	Tampa	FL	609	27740.0	1097.0	0.482979897	16000.0	0.4169
Trinity College of Florida	Trinity	FL	1668	15690.0	827.0	0.706666667	15125.0	0.5779
Warner University	Lake Wales	FL	1537	20712.0	888.0	0.435897436	15848.0	0.5366
Webber International University	Babson Park	FL	1600	25358.0	902.0	0.538618926	9500.0	0.6944
Abraham Baldwin Agricultural College	Tifton	GA	1428	10060.0	932.0	0.656115108	6500.0	0.4695
Albany State University	Albany	GA	1029	15738.0	899.0	0.496740995	26000.0	0.3424
Point University	West Point	GA	1661	19200.0	922.0	0.514358108	12000.0	0.5015
Clark Atlanta University	Atlanta	GA	659	22396.0	914.0	0.718438461	17500.0	0.2887
Berry College	Mount Berry	GA	722	33556.0	1183.0	0.62093759	19000.0	0.3971
Brenau University	Gainesville	GA	1089	27152.0	973.0	0.356455696	15500.0	0.102
College of Coastal Georgia	Brunswick	GA	1555	10428.0	896.0	0.952072539	6250.0	0.3425
Columbus State University	Columbus	GA	709	16605.0	963.0	0.53164557	15750.0	0.409
Covenant College	Lookout Mountain	GA	1267	32230.0	1191.0	0.962418301	19500.0	0.4577
Emmanuel College	Boston	MA	1043	37540.0	1122.0	0.713964326	23500.0	0.2596
Emory University	Atlanta	GA	80	47954.0	1382.0	0.291199944	18222.0	0.4112
Fort Valley State University	Fort Valley	GA	1133	5594.0	855.0	0.26451208	24250.0	0.4215
Georgia Southwestern State University	Americus	GA	1206	15518.0	975.0	0.681785457	11500.0	0.3807
Georgia Southern University	Statesboro	GA	287	16847.0	1110.0	0.645515558	17029.0	0.4944
Georgia State University	Atlanta	GA	83	23542.0	1070.0	0.56553462	12500.0	0.4099
University of Georgia	Athens	GA	54	29844.0	1262.0	0.538997092	17108.0	0.4319
Gordon State College	Barnesville	GA	1550	11719.0	853.0	0.543341404	8250.0	0.3335
LaGrange College	Lagrange	GA	1409	28490.0	1021.0	0.577168367	12875.0	0.5089
Life University	Marietta	GA	1069	11220.0	927.0	0.921428571	8333.0	0.4526
Mercer University	Macon	GA	453	35130.0	1211.0	0.693548387	21350.0	0.3849
Morehouse College	Atlanta	GA	483	26742.0	994.0	0.660703076	19500.0	1.0
Oglethorpe University	Atlanta	GA	866	35280.0	1125.0	0.804026051	15500.0	0.432
Paine College	Augusta	GA	1440	14224.0	745.0	0.245823984	16000.0	0.4606
Piedmont College	Demorest	GA	1282	23112.0	991.0	0.571535581	15681.0	0.3637
Reinhardt University	Waleska	GA	1384	21644.0	965.0	0.874509804	12000.0	0.5528
Savannah College of Art and Design	Savannah	GA	294	35690.0	1086.0	0.717143873	19532.5	0.3329
Savannah State University	Savannah	GA	1112	15900.0	823.0	0.507848569	13449.0	0.4054
Shorter University	Rome	GA	1225	21730.0	961.0	0.611777535	19000.5	0.4538
Spelman College	Atlanta	GA	543	27314.0	1092.0	0.357324517	24500.0	0.0
Toccoa Falls College	Toccoa Falls	GA	1494	21414.0	962.0	0.541430193	13750.0	0.4686
Truett McConnell University	Cleveland	GA	1534	18510.0	953.0	0.906077348	12000.0	0.4541
Valdosta State University	Valdosta	GA	489	16891.0	982.0	0.651331245	15750.0	0.3976
Wesleyan College	Macon	GA	1315	21750.0	1035.0	0.376484561	17735.0	0.0
University of West Georgia	Carrollton	GA	458	16717.0	945.0	0.590920492	12750.0	0.3635
Young Harris College	Young Harris	GA	1551	29012.0	1004.0	0.550364338	12125.0	0.4419
Chaminade University of Honolulu	Honolulu	HI	895	23310.0	976.0	0.913301663	13000.0	0.315
University of Hawaii at Hilo	Hilo	HI	924	20610.0	978.0	0.690976514	12500.0	0.3839
University of Hawaii at Manoa	Honolulu	HI	470	33764.0	1075.0	0.849777298	14000.0	0.4478
Boise Bible College	Boise	ID	1690	11750.0	1009.0	0.9	15375.0	0.5672
Boise State University	Boise	ID	201	21530.0	1047.0	0.817286915	14635.0	0.4652
University of Idaho	Moscow	ID	163	22040.0	1070.0	0.75894507	16750.0	0.5369
Lewis-Clark State College	Lewiston	ID	914	17620.0	937.0	0.971530249	10000.0	0.3752
Northwest Nazarene University	Nampa	ID	791	28650.0	1113.0	0.952830189	18000.0	0.4068
Brigham Young University-Idaho	Rexburg	ID	317	3920.0	1036.0	0.958302216	6606.0	0.4236
School of the Art Institute of Chicago	Chicago	IL	626	45750.0	1127.0	0.593249428	19809.5	0.2669
Aurora University	Aurora	IL	893	22830.0	1005.0	0.877246654	15750.0	0.3523
Blackburn College	Carlinville	IL	1515	21162.0	968.0	0.538461538	11135.5	0.4617
Bradley University	Peoria	IL	381	32120.0	1141.0	0.6981402	23750.0	0.4948
Chicago State University	Chicago	IL	794	17212.0	883.0	0.578763127	22000.0	0.2997
University of Chicago	Chicago	IL	17	53649.0	1508.0	0.07937365	14853.0	0.5149
Eastern Illinois University	Charleston	IL	371	13740.0	990.0	0.468764846	17879.0	0.3988
Eureka College	Eureka	IL	1548	21120.0	1030.0	0.645315488	15000.0	0.4895
Governors State University	University Park	IL	776	18676.0	910.0	0.412989176	13030.0	0.356
Greenville University	Greenville	IL	1145	25720.0	999.0	0.578225069	15617.5	0.499
University of Illinois at Chicago	Chicago	IL	75	26520.0	1105.0	0.735932184	14000.0	0.4952
University of Illinois at Urbana-Champaign	Champaign	IL	29	30680.0	1320.0	0.600661539	17750.0	0.5477
Illinois Wesleyan University	Bloomington	IL	538	44142.0	1229.0	0.582140068	26199.5	0.464
Illinois Institute of Technology	Chicago	IL	171	45214.0	1275.0	0.571028691	22500.0	0.6999
Illinois State University	Normal	IL	232	25168.0	1090.0	0.888806094	16750.0	0.446
Judson University	Elgin	IL	1397	28730.0	1020.0	0.74852071	19081.0	0.4118
Lewis University	Romeoville	IL	764	30050.0	1090.0	0.591869656	19500.0	0.4593
Lincoln Christian University	Lincoln	IL	1578	13020.0	1007.0	0.528822055	17500.0	0.5
Lincoln College	Lincoln	IL	1508	17700.0	823.0	0.620215311	9500.0	0.4593
Loyola University Chicago	Chicago	IL	154	42032.0	1195.0	0.725695667	19500.0	0.3377
MacMurray College	Jacksonville	IL	1586	25110.0	946.0	0.562022901	22000.0	0.5009
McKendree University	Lebanon	IL	1048	28740.0	1025.0	0.681559352	16499.0	0.4604
Methodist College	Peoria	IL	1725	20710.0	990.0	0.5	30750.0	0.1265
Millikin University	Decatur	IL	860	31824.0	1047.0	0.638026608	20375.0	0.4219
Monmouth College	Monmouth	IL	1563	35300.0	1045.0	0.520628079	20000.0	0.481
North Central College	Naperville	IL	694	36654.0	1123.0	0.593586006	20000.0	0.4657
North Park University	Chicago	IL	734	27210.0	993.0	0.941818182	19000.0	0.3738
Northern Illinois University	Dekalb	IL	146	23670.0	1030.0	0.518424566	17562.5	0.5074
Northwestern University	Evanston	IL	36	50855.0	1470.0	0.106638177	16500.0	0.499
Northeastern Illinois University	Chicago	IL	551	18514.0	870.0	0.710140255	10400.0	0.4384
Olivet Nazarene University	Bourbonnais	IL	730	33940.0	1099.0	0.777003484	19000.0	0.402
Quincy University	Quincy	IL	1045	27128.0	991.0	0.662328767	13000.0	0.4681
Rockford University	Rockford	IL	1466	29180.0	1011.0	0.544307999	18750.0	0.4137
Roosevelt University	Chicago	IL	579	28119.0	1012.0	0.732899566	18458.5	0.3646
Dominican University	River Forest	IL	863	31570.0	1050.0	0.637259194	18500.0	0.3317
Saint Xavier University	Chicago	IL	954	32250.0	1009.0	0.75249549	18000.0	0.3541
University of Illinois at Springfield	Springfield	IL	412	20938.0	1067.0	0.653033401	13889.0	0.4908
Trinity Christian College	Palos Heights	IL	1243	27675.0	1081.0	0.700226244	20500.0	0.3281
VanderCook College of Music	Chicago	IL	1647	27180.0	1050.0	0.901960784	26000.0	0.5146
Western Illinois University	Macomb	IL	398	16926.0	970.0	0.594544206	18000.0	0.4906
Wheaton College	Wheaton	IL	322	34050.0	1306.0	0.786486486	20913.0	0.465
Anderson University	Anderson	SC	1195	25880.0	1065.0	0.53920386	18784.0	0.3168
Ball State University	Muncie	IN	245	25428.0	1057.0	0.622518698	18000.0	0.4077
Butler University	Indianapolis	IN	417	38360.0	1215.0	0.727061915	25000.0	0.4043
DePauw University	Greencastle	IN	390	46448.0	1187.0	0.653259076	23988.5	0.4707
University of Evansville	Evansville	IN	400	33966.0	1147.0	0.708901562	21500.0	0.463
Franklin College	Franklin	IN	1198	30025.0	991.0	0.780933063	20890.0	0.4872
Goshen College	Goshen	IN	667	33200.0	1074.0	0.624501992	15000.0	0.3947
Hanover College	Hanover	IN	342	35514.0	1093.0	0.573322511	23691.0	0.4284
Holy Cross College	Notre Dame	IN	1543	28760.0	1053.0	0.91011236	11000.0	0.5924
Huntington University	Huntington	IN	1166	25400.0	1019.0	0.892059553	22500.0	0.4448
Purdue University Fort Wayne	Fort Wayne	IN	452	19727.0	976.0	0.932616082	12500.0	0.4494
University of Indianapolis	Indianapolis	IN	613	27420.0	1033.0	0.861662786	18773.0	0.3581
Indiana Institute of Technology	Fort Wayne	IN	1250	26370.0	944.0	0.691651432	9500.0	0.3806
University of Southern Indiana	Evansville	IN	520	17847.0	1005.0	0.918936731	12387.5	0.3827
Indiana State University	Terre Haute	IN	319	19076.0	907.0	0.858841546	12000.0	0.4568
Manchester University	North Manchester	IN	984	30802.0	1019.0	0.705471	15750.0	0.482
Marian University	Fond Du Lac	WI	906	28280.0	950.0	0.77188755	20000.0	0.2995
University of Notre Dame	Notre Dame	IN	73	49685.0	1474.0	0.18733658	20750.0	0.5279
Oakland City University	Oakland City	IN	1525	23400.0	978.0	0.617602428	14875.0	0.4819
Rose-Hulman Institute of Technology	Terre Haute	IN	467	46210.0	1318.0	0.610705022	27000.0	0.7498
Saint Mary-of-the-Woods College	Saint Mary of the Woods	IN	1245	28932.0	928.0	0.730245232	12655.0	0.0685
Saint Mary's College	Notre Dame	IN	943	38880.0	1117.0	0.81648786	25000.0	0.0
Taylor University	Upland	IN	755	31472.0	1138.0	0.796056338	17948.0	0.4369
Trine University	Angola	IN	1109	30960.0	1079.0	0.761578045	16000.0	0.725
Valparaiso University	Valparaiso	IN	410	37450.0	1153.0	0.829102084	23500.0	0.4629
Wabash College	Crawfordsville	IN	525	41050.0	1145.0	0.626168224	25000.0	1.0
Buena Vista University	Storm Lake	IA	931	32210.0	1046.0	0.636942675	17301.0	0.3445
Central College	Pella	IA	633	34612.0	1091.0	0.734290844	23250.0	0.4865
Clarke University	Dubuque	IA	1143	30900.0	1043.0	0.649317406	19664.5	0.3376
Coe College	Cedar Rapids	IA	944	41000.0	1145.0	0.499479554	24621.0	0.4278
Cornell College	Mount Vernon	IA	733	39900.0	1172.0	0.709414758	25000.0	0.5021
Drake University	Des Moines	IA	415	35206.0	1241.0	0.689453519	22500.0	0.4262
University of Dubuque	Dubuque	IA	1162	28700.0	923.0	0.756919374	16671.5	0.5925
Emmaus Bible College	Dubuque	IA	1584	16580.0	1088.0	0.356481481	11280.0	0.4431
Faith Baptist Bible College and Theological Seminary	Ankeny	IA	1487	16766.0	1051.0	0.661654135	8750.0	0.4589
Grand View University	Des Moines	IA	1234	25474.0	970.0	0.966139955	18000.0	0.451
Grinnell College	Grinnell	IA	373	48758.0	1410.0	0.201899593	13500.0	0.4508
Iowa State University	Ames	IA	58	21583.0	1144.0	0.874903515	18749.0	0.5736
Iowa Wesleyan University	Mount Pleasant	IA	1602	29146.0	917.0	0.508900716	12000.0	0.4712
University of Iowa	Iowa City	IA	57	28813.0	1165.0	0.841124447	16000.0	0.4757
Loras College	Dubuque	IA	1116	31525.0	1051.0	0.92356186	21937.0	0.526
Luther College	Decorah	IA	656	40040.0	1157.0	0.676348548	26193.0	0.4474
Mercy College of Health Sciences	Des Moines	IA	1554	16920.0	990.0	0.977011494	14000.0	0.1263
Morningside College	Sioux City	IA	1185	29094.0	1070.0	0.569267865	16000.0	0.4615
Mount Mercy University	Cedar Rapids	IA	1114	29696.0	990.0	0.61878882	16795.0	0.3045
University of Northern Iowa	Cedar Falls	IA	252	18851.0	1050.0	0.825635104	15849.0	0.4309
Northwestern College	Orange City	IA	1140	29500.0	1113.0	0.655297863	19500.0	0.4359
Simpson College	Indianola	IA	904	35876.0	1103.0	0.854545455	22117.0	0.4433
Upper Iowa University	Fayette	IA	1016	28890.0	968.0	0.555497107	16378.0	0.3846
Waldorf University	Forest City	IA	1341	21260.0	960.0	0.667112299	10036.5	0.6432
Wartburg College	Waverly	IA	890	38380.0	1084.0	0.682472691	23250.0	0.4803
William Penn University	Oskaloosa	IA	1511	24510.0	889.0	0.586678832	14750.0	0.5264
Baker University	Baldwin City	KS	1031	28030.0	1053.0	0.77753059	19500.0	0.4434
Benedictine College	Atchison	KS	1126	27480.0	1116.0	0.977085243	20053.0	0.4649
Bethany College	Bethany	WV	1423	27696.0	920.0	0.645648313	19324.0	0.6145
Central Christian College of Kansas	McPherson	KS	1566	16850.0	921.0	0.536392405	10959.0	0.5248
Emporia State University	Emporia	KS	475	19392.0	1029.0	0.87426557	12500.0	0.3854
Friends University	Wichita	KS	1196	26865.0	1002.0	0.550066756	18979.0	0.4639
University of Kansas	Lawrence	KS	86	28239.0	1185.0	0.93006993	14275.5	0.4931
Newman University	Wichita	KS	1326	27556.0	1079.0	0.577761082	15500.0	0.3342
Kansas Wesleyan University	Salina	KS	1449	28000.0	1003.0	0.546583851	12500.0	0.5575
Manhattan Christian College	Manhattan	KS	1599	14986.0	1022.0	0.5951417	10500.0	0.5504
McPherson College	McPherson	KS	1360	26498.0	1011.0	0.572959604	15000.0	0.6519
MidAmerica Nazarene University	Olathe	KS	1194	28150.0	994.0	0.51810585	15000.0	0.4224
Pittsburg State University	Pittsburg	KS	608	17662.0	1010.0	0.873351978	13500.0	0.528
University of Saint Mary	Leavenworth	KS	1520	26650.0	1005.0	0.494369369	15000.0	0.4235
Southwestern College	Winfield	KS	1035	27250.0	959.0	0.921518987	15775.0	0.5993
Sterling College	Sterling	KS	1128	24250.0	967.0	0.373668925	14000.0	0.5385
Tabor College	Hillsboro	KS	1348	26590.0	971.0	0.559429477	15000.0	0.5358
Wichita State University	Wichita	KS	254	16634.0	1102.0	0.862331483	14000.0	0.4683
Alice Lloyd College	Pippa Passes	KY	1510	11550.0	1010.0	0.221871548	9000.0	0.4529
Asbury University	Wilmore	KY	1111	28630.0	1124.0	0.695956454	19500.0	0.3959
Bellarmine University	Louisville	KY	577	39750.0	1118.0	0.824533162	18750.0	0.3554
Berea College	Berea	KY	505	25470.0	1123.0	0.327981651	4556.5	0.433
Brescia University	Owensboro	KY	1346	21100.0	1060.0	0.467688938	17690.5	0.251
Campbellsville University	Campbellsville	KY	1017	24596.0	1008.0	0.697909643	11000.0	0.4308
Centre College	Danville	KY	829	39300.0	1266.0	0.742581888	25990.0	0.4916
University of the Cumberlands	Williamsburg	KY	1183	23000.0	1025.0	0.708682239	9013.0	0.446
Eastern Kentucky University	Richmond	KY	278	18180.0	1049.0	0.863304907	14000.0	0.4357
Georgetown College	Georgetown	KY	945	35650.0	1061.0	0.661168709	18500.0	0.4594
Kentucky State University	Frankfort	KY	816	18056.0	907.0	0.489952719	17388.5	0.397
Kentucky Wesleyan College	Owensboro	KY	1454	24050.0	992.0	0.572169404	12000.0	0.519
University of Kentucky	Lexington	KY	76	26334.0	1159.0	0.907861328	15000.0	0.4574
Kentucky Christian University	Grayson	KY	1623	18560.0	962.0	0.388023952	13603.5	0.5032
University of Louisville	Louisville	KY	179	26286.0	1165.0	0.72568243	12500.0	0.4956
Midway University	Midway	KY	1344	23350.0	967.0	0.603206413	15069.0	0.1994
Morehead State University	Morehead	KY	817	12744.0	1066.0	0.855558123	15213.5	0.4036
Murray State University	Murray	KY	547	22680.0	1101.0	0.853526779	15000.0	0.4234
Northern Kentucky University	Highland Heights	KY	401	18384.0	1066.0	0.910876382	14500.0	0.4429
University of Pikeville	Pikeville	KY	1358	19600.0	927.0	1.0	11000.0	0.5
Spalding University	Louisville	KY	1179	24388.0	972.0	0.503018109	16334.0	0.2715
Union College	Lincoln	NE	408	22538.0	1030.0	0.635008283	17588.5	0.4111
Western Kentucky University	Bowling Green	KY	247	24792.0	1044.0	0.940163004	14250.0	0.4297
Centenary College of Louisiana	Shreveport	LA	950	35430.0	1121.0	0.64221219	18450.0	0.4334
Dillard University	New Orleans	LA	859	17064.0	931.0	0.393960311	24051.0	0.2704
Grambling State University	Grambling	LA	910	16394.0	874.0	0.451419558	20000.0	0.4253
Louisiana College	Pineville	LA	1481	15978.0	970.0	0.721854305	10500.0	0.5311
Louisiana Tech University	Ruston	LA	474	25851.0	1105.0	0.631935796	12000.0	0.5609
Loyola University New Orleans	New Orleans	LA	352	38754.0	1165.0	0.67751938	20500.0	0.3936
McNeese State University	Lake Charles	LA	865	18385.0	1027.0	0.637025316	10990.0	0.4069
University of New Orleans	New Orleans	LA	430	22301.0	1034.0	0.600469346	9750.0	0.4916
Nicholls State University	Thibodaux	LA	989	18572.0	1030.0	0.826627652	11025.0	0.3621
University of Louisiana at Monroe	Monroe	LA	710	20384.0	1057.0	0.761341223	10848.0	0.3478
Northwestern State University of Louisiana	Natchitoches	LA	761	18408.0	1006.0	0.617953668	12500.0	0.3023
University of Holy Cross	New Orleans	LA	1634	11632.0	950.0	0.395652174	14250.0	0.1654
Franciscan Missionaries of Our Lady University	Baton Rouge	LA	1637	12046.0	1010.0	0.539033457	14823.0	0.1111
Southeastern Louisiana University	Hammond	LA	561	20251.0	1010.0	0.87304915	9408.0	0.3797
Southern University at New Orleans	New Orleans	LA	1337	15322.0	850.0	0.115364447	18632.0	0.2619
University of Louisiana at Lafayette	Lafayette	LA	391	23178.0	1089.0	0.511046162	11882.0	0.4319
Xavier University of Louisiana	New Orleans	LA	746	23046.0	1054.0	0.619458314	14203.0	0.2696
Colby College	Waterville	ME	260	50960.0	1383.0	0.187124987	17799.0	0.4758
University of Maine at Fort Kent	Fort Kent	ME	1514	11205.0	890.0	0.814968815	12500.0	0.2751
Maine Maritime Academy	Castine	ME	1170	26158.0	1042.0	0.755102041	27000.0	0.8481
University of New England	Biddeford	ME	495	35630.0	1055.0	0.830636904	21500.0	0.2743
Saint Joseph's College of Maine	Standish	ME	1400	33600.0	920.0	0.780801209	14563.5	0.3496
University of Southern Maine	Portland	ME	670	18508.0	984.0	0.802481148	14000.0	0.4235
University of Baltimore	Baltimore	MD	320	20242.0	924.0	0.494219653	15750.0	0.4209
Bowie State University	Bowie	MD	836	18416.0	856.0	0.412620638	14493.0	0.3795
Capitol Technology University	Laurel	MD	813	24272.0	1018.0	0.883295195	16625.0	0.8476
Washington Adventist University	Takoma Park	MD	1544	23400.0	854.0	0.333667335	25500.0	0.4064
Coppin State University	Baltimore	MD	1068	13168.0	829.0	0.396140503	15250.0	0.235
Frostburg State University	Frostburg	MD	492	21226.0	970.0	0.627246925	14000.0	0.4804
Johns Hopkins University	Baltimore	MD	15	50410.0	1476.0	0.128392934	12645.0	0.5012
Maryland Institute College of Art	Baltimore	MD	617	45400.0	1152.0	0.570935252	21798.0	0.2558
University of Maryland Eastern Shore	Princess Anne	MD	1001	17188.0	872.0	0.38393119	15530.5	0.4491
Morgan State University	Baltimore	MD	464	17504.0	894.0	0.603008502	22500.0	0.4854
Mount St. Mary's University	Emmitsburg	MD	960	39000.0	1043.0	0.615346697	17700.0	0.4589
Notre Dame of Maryland University	Baltimore	MD	1065	35019.0	1058.0	0.587188612	18666.0	0.0472
St. Mary's College of Maryland	St. Mary's City	MD	719	29340.0	1140.0	0.799660441	16750.0	0.4354
Towson University	Towson	MD	265	21076.0	1070.0	0.737412793	14759.0	0.3998
Stevenson University	Stevenson	MD	1106	33168.0	1022.0	0.607581967	20632.0	0.3385
McDaniel College	Westminster	MD	772	40580.0	1103.0	0.780690803	21620.0	0.4902
American International College	Springfield	MA	1144	33140.0	881.0	0.693074502	19500.0	0.3949
Amherst College	Amherst	MA	227	52476.0	1451.0	0.136850881	12000.0	0.4989
Babson College	Babson Park	MA	290	48288.0	1281.0	0.245946653	24875.0	0.5247
Bay Path University	Longmeadow	MA	1141	32739.0	967.0	0.59922179	17150.0	0.0
Becker College	Worcester	MA	1526	37272.0	1037.0	0.653432032	19500.0	0.4116
Bentley University	Waltham	MA	378	45760.0	1198.0	0.463229079	25000.0	0.5923
Boston College	Chestnut Hill	MA	95	51296.0	1378.0	0.311403509	18962.0	0.466
Boston University	Boston	MA	40	50240.0	1328.0	0.294336798	23500.0	0.3863
Brandeis University	Waltham	MA	124	51245.0	1377.0	0.334419875	26250.0	0.4234
Bridgewater State University	Bridgewater	MA	445	15743.0	992.0	0.809555519	18280.0	0.4137
Curry College	Milton	MA	1156	37835.0	943.0	0.885886375	19266.5	0.409
Eastern Nazarene College	Quincy	MA	1273	30815.0	986.0	0.662200957	18500.0	0.4026
Emerson College	Boston	MA	369	42908.0	1232.0	0.480598973	21375.0	0.4023
Fitchburg State University	Fitchburg	MA	1059	16215.0	990.0	0.746494672	15744.0	0.4682
Framingham State University	Framingham	MA	967	15420.0	995.0	0.648121271	17671.0	0.389
Gordon College	Wenham	MA	681	36060.0	1074.0	0.919675755	23250.0	0.3691
Harvard University	Cambridge	MA	2	47074.0	1506.0	0.054045747	7000.0	0.5291
Lesley University	Cambridge	MA	557	25875.0	1064.0	0.637330183	15750.0	0.23
MCPHS University	Boston	MA	1033	31560.0	1074.0	0.844762077	25000.0	0.2891
Massachusetts College of Art and Design	Boston	MA	777	32800.0	1069.0	0.708687133	20000.0	0.2893
Massachusetts Institute of Technology	Cambridge	MA	1	48452.0	1519.0	0.079442692	15346.0	0.538
Massachusetts Maritime Academy	Buzzards Bay	MA	1223	24600.0	1052.0	0.804848485	23250.0	0.8739
Massachusetts College of Liberal Arts	North Adams	MA	1110	18820.0	1015.0	0.770988574	17500.0	0.3729
Northeastern University	Boston	MA	93	47653.0	1434.0	0.28880011	25000.0	0.494
College of Our Lady of the Elms	Chicopee	MA	1387	33412.0	954.0	0.764619883	23056.0	0.2424
Salem State University	Salem	MA	614	16148.0	992.0	0.735787588	17941.0	0.383
Simmons University	Boston	MA	331	38590.0	1179.0	0.636228435	23000.0	0.0029
Springfield College	Springfield	MA	752	35475.0	1045.0	0.659015487	20590.0	0.5031
Suffolk University	Boston	MA	303	35578.0	1020.0	0.844240066	21000.0	0.4553
Tufts University	Medford	MA	45	52430.0	1445.0	0.142857143	16052.0	0.4972
Wellesley College	Wellesley	MA	219	48802.0	1403.0	0.285949732	9675.0	0.0
Wentworth Institute of Technology	Boston	MA	851	33724.0	1117.0	0.705796718	22500.0	0.8032
Western New England University	Springfield	MA	801	34874.0	1096.0	0.796061885	19500.0	0.6172
Westfield State University	Westfield	MA	1675	15355.0	992.0	0.779185138	15000.0	0.4619
Williams College	Williamstown	MA	192	51790.0	1439.0	0.176091625	13750.0	0.5147
Worcester State University	Worcester	MA	1044	15282.0	1016.0	0.705624355	13520.0	0.4073
Adrian College	Adrian	MI	1097	34890.0	1003.0	0.58413376	17711.0	0.5207
Albion College	Albion	MI	661	41040.0	1067.0	0.722588376	21500.0	0.481
Alma College	Alma	MI	1009	37310.0	1087.0	0.679487179	23000.0	0.4272
Andrews University	Berrien Springs	MI	455	27684.0	1127.0	0.404220108	22500.0	0.4533
Aquinas College	Nashville	TN	1064	21950.0	1143.0	0.404081633	16245.0	0.1806
Central Michigan University	Mount Pleasant	MI	244	23670.0	1049.0	0.715605428	21250.0	0.4351
Cleary University	Howell	MI	1484	17600.0	990.0	0.468277946	15000.0	0.4873
College for Creative Studies	Detroit	MI	1038	40840.0	1050.0	0.473653049	21500.0	0.4699
University of Detroit Mercy	Detroit	MI	560	39882.0	1125.0	0.784015852	20875.0	0.3553
Eastern Michigan University	Ypsilanti	MI	295	27702.0	1030.0	0.728845634	18500.0	0.4063
Ferris State University	Big Rapids	MI	277	18048.0	1030.0	0.776899752	16913.0	0.4882
Kettering University	Flint	MI	591	39790.0	1226.0	0.718347401	24500.0	0.8161
Cornerstone University	Grand Rapids	MI	986	26860.0	1009.0	0.634542314	18500.0	0.3939
Grand Valley State University	Allendale	MI	218	16392.0	1089.0	0.81680014	19000.0	0.4153
Hope College	Holland	MI	428	31560.0	1179.0	0.84406258	24800.0	0.3902
Lake Superior State University	Sault Ste Marie	MI	570	11019.0	1048.0	0.689726027	15250.0	0.4881
Lawrence Technological University	Southfield	MI	758	31140.0	1164.0	0.69327006	19993.0	0.7153
Madonna University	Livonia	MI	1325	19500.0	970.0	0.753262159	20635.5	0.3151
Michigan State University	East Lansing	MI	26	37890.0	1194.0	0.65744397	21829.0	0.4942
Michigan Technological University	Houghton	MI	139	30968.0	1242.0	0.764358561	19500.0	0.7329
University of Michigan-Dearborn	Dearborn	MI	792	24272.0	1125.0	0.647147147	18203.0	0.5241
University of Michigan-Flint	Flint	MI	726	20190.0	1050.0	0.651872056	19230.5	0.398
Northern Michigan University	Marquette	MI	374	15262.0	1024.0	0.758698092	15000.0	0.4667
Northwood University	Midland	MI	889	25130.0	1026.0	0.669390788	18750.0	0.5648
Oakland University	Rochester Hills	MI	280	24540.0	1082.0	0.863491766	17750.0	0.4349
Olivet College	Olivet	MI	1426	25560.0	972.0	0.533534288	18500.0	0.5947
Kuyper College	Grand Rapids	MI	1649	20342.0	1078.0	0.733766234	14875.0	0.3831
Saginaw Valley State University	University Center	MI	711	21947.0	1050.0	0.758656716	18271.5	0.4204
Spring Arbor University	Spring Arbor	MI	957	26730.0	1029.0	0.714725816	21205.0	0.3205
Finlandia University	Hancock	MI	1368	22758.0	877.0	0.461158509	8944.0	0.5011
Wayne State University	Detroit	MI	123	26220.0	1086.0	0.814567745	16500.0	0.4478
Western Michigan University	Kalamazoo	MI	158	26851.0	1030.0	0.823110262	20188.0	0.5063
Augsburg University	Minneapolis	MN	595	36415.0	1031.0	0.45139088	21500.0	0.4604
Bemidji State University	Bemidji	MN	861	8394.0	1030.0	0.640802514	12456.0	0.4281
Bethany Lutheran College	Mankato	MN	1572	25890.0	1080.0	0.804878049	17000.0	0.4347
Bethel University	McKenzie	TN	1379	15764.0	930.0	0.66518847	17750.0	0.4287
Carleton College	Northfield	MN	190	50874.0	1413.0	0.226214341	19401.0	0.4954
Martin Luther College	New Ulm	MN	1478	13980.0	1109.0	0.832764505	14800.0	0.4866
Hamline University	Saint Paul	MN	497	39181.0	1104.0	0.702963311	19500.0	0.4023
Macalester College	Saint Paul	MN	393	50639.0	1378.0	0.371005718	20000.0	0.4025
University of Minnesota-Twin Cities	Minneapolis	MN	12	23806.0	1284.0	0.449925706	17000.0	0.4835
Minneapolis College of Art and Design	Minneapolis	MN	845	36548.0	1069.0	0.652515723	19750.0	0.2942
Minnesota State University Moorhead	Moorhead	MN	627	15250.0	1049.0	0.596104201	17225.0	0.4026
North Central University	Minneapolis	MN	1419	22240.0	1029.0	0.660826033	19625.0	0.4252
Oak Hills Christian College	Bemidji	MN	1670	16980.0	874.0	0.163636364	11750.0	0.5398
Saint Mary's University of Minnesota	Winona	MN	842	32575.0	1065.0	0.792408066	17376.0	0.4613
Crown College	Saint Bonifacius	MN	1159	24700.0	1006.0	0.541284404	17340.0	0.4753
Southwest Minnesota State University	Marshall	MN	822	8347.0	967.0	0.541932059	13200.0	0.424
Winona State University	Winona	MN	673	14772.0	1049.0	0.597512039	16815.5	0.3715
Alcorn State University	Alcorn State	MS	1149	6546.0	892.0	0.784408085	19000.0	0.362
Blue Mountain College	Blue Mountain	MS	1616	11212.0	972.0	0.968586387	11750.0	0.4473
Delta State University	Cleveland	MS	985	6418.0	1028.0	0.894077449	12390.5	0.4138
Jackson State University	Jackson	MS	650	17614.0	911.0	0.633226837	19500.0	0.3668
Millsaps College	Jackson	MS	1115	37110.0	1161.0	0.591473413	18500.0	0.5114
University of Mississippi	University	MS	176	22012.0	1155.0	0.782955687	15000.0	0.4372
Mississippi University for Women	Columbus	MS	1052	16634.0	1021.0	0.988	12500.0	0.1603
Mississippi Valley State University	Itta Bena	MS	1239	6116.0	825.0	0.84452975	18500.0	0.4146
Mississippi College	Clinton	MS	759	16740.0	1122.0	0.494712644	16000.0	0.3965
Mississippi State University	Mississippi State	MS	134	20900.0	1125.0	0.556737083	14653.0	0.4999
Rust College	Holly Springs	MS	1519	9500.0	735.0	0.468615327	11119.0	0.3974
University of Southern Mississippi	Hattiesburg	MS	250	16529.0	1070.0	0.601351351	15750.0	0.3713
Tougaloo College	Tougaloo	MS	767	10600.0	954.0	0.517950963	21875.0	0.3445
William Carey University	Hattiesburg	MS	1095	11700.0	1091.0	0.51030303	15000.0	0.3752
Avila University	Kansas City	MO	1169	27312.0	985.0	0.562952243	17770.0	0.4033
Calvary University	Kansas City	MO	1674	11700.0	1019.0	0.977272727	10334.0	0.5206
Central Christian College of the Bible	Moberly	MO	1672	13700.0	1026.0	0.276041667	7971.5	0.5708
University of Central Missouri	Warrensburg	MO	642	13767.0	1050.0	0.7462395	14826.5	0.45
Cottey College	Nevada	MO	1573	19300.0	1059.0	0.687165775	9207.5	0.0
Culver-Stockton College	Canton	MO	1422	25415.0	966.0	0.581240545	16753.0	0.484
Drury University	Springfield	MO	826	25905.0	1142.0	0.699703515	13821.0	0.4169
Evangel University	Springfield	MO	1005	22081.0	1063.0	0.753558719	17250.0	0.4521
Fontbonne University	Saint Louis	MO	1285	24610.0	1050.0	0.895178197	21500.0	0.3372
Kansas City Art Institute	Kansas City	MO	1260	36450.0	1072.0	0.650385604	23493.0	0.2642
Lindenwood University	Saint Charles	MO	818	16332.0	1045.0	0.546917554	19500.0	0.4581
Missouri Baptist University	Saint Louis	MO	1493	24924.0	968.0	0.512	15250.0	0.4237
Missouri Southern State University	Joplin	MO	1150	10568.0	990.0	0.943439785	9750.0	0.4192
University of Missouri-Kansas City	Kansas City	MO	161	18886.0	1126.0	0.618723239	15000.0	0.4298
Missouri University of Science and Technology	Rolla	MO	299	25173.0	1265.0	0.793326932	16998.0	0.7672
Truman State University	Kirksville	MO	465	13940.0	1224.0	0.676902279	17250.0	0.4181
Northwest Missouri State University	Maryville	MO	674	12513.0	1047.0	0.740616871	13827.0	0.4292
Ozark Christian College	Joplin	MO	1579	12140.0	1047.0	1.0	12500.0	0.549
Rockhurst University	Kansas City	MO	1082	35670.0	1162.0	0.740618828	16736.0	0.4249
Saint Louis University	Saint Louis	MO	181	40726.0	1259.0	0.647431882	21500.0	0.4073
Southwest Baptist University	Bolivar	MO	1332	22508.0	1027.0	0.896703297	14000.0	0.3398
Stephens College	Columbia	MO	1224	29754.0	1049.0	0.610445205	15811.5	0.0083
Southeast Missouri State University	Cape Girardeau	MO	567	12375.0	1049.0	0.828125	13485.0	0.4356
Webster University	Saint Louis	MO	346	26300.0	1110.0	0.465779468	17436.0	0.4589
Westminster College	Salt Lake City	UT	779	32404.0	1119.0	0.840877915	17194.0	0.4344
William Jewell College	Liberty	MO	1232	32930.0	1144.0	0.51081211	20000.0	0.4224
William Woods University	Fulton	MO	1461	23040.0	1026.0	0.701675978	13902.0	0.2582
Carroll College	Helena	MT	988	33192.0	1128.0	0.714808652	21500.0	0.4136
Montana State University	Bozeman	MT	152	23186.0	1126.0	0.828707177	13000.0	0.5511
The University of Montana	Missoula	MT	173	23764.0	1072.0	0.924324324	14250.0	0.4538
Montana State University-Northern	Havre	MT	1399	17681.0	910.0	1.0	9500.0	0.5558
Rocky Mountain College	Billings	MT	1186	26666.0	1021.0	0.620711974	17750.0	0.504
Clarkson College	Omaha	NE	1462	15780.0	1090.0	0.521276596	21000.0	0.1168
Bryan College of Health Sciences	Lincoln	NE	1705	14636.0	1105.0	0.87	23479.0	0.0896
Creighton University	Omaha	NE	242	37606.0	1213.0	0.706626739	23000.0	0.4285
Hastings College	Hastings	NE	1286	28250.0	1058.0	0.639372822	15000.0	0.4969
University of Nebraska at Kearney	Kearney	NE	616	12268.0	1028.0	0.85079929	13000.0	0.4247
Midland University	Fremont	NE	1561	30430.0	1003.0	0.610624635	14985.0	0.5276
University of Nebraska at Omaha	Omaha	NE	257	19124.0	1050.0	0.864840512	12354.0	0.4803
Nebraska Wesleyan University	Lincoln	NE	1070	31394.0	1105.0	0.743760399	17225.0	0.4256
University of Nebraska-Lincoln	Lincoln	NE	49	23058.0	1144.0	0.752702582	13875.0	0.5215
York College	York	NE	1498	17700.0	934.0	0.504288165	15000.0	0.5525
Dartmouth College	Hanover	NH	70	51438.0	1441.0	0.10592503	12000.0	0.5005
Franklin Pierce University	Rindge	NH	1211	34050.0	957.0	0.813864125	14423.0	0.4479
Keene State College	Keene	NH	732	21997.0	977.0	0.825283571	21000.0	0.4506
Saint Anselm College	Manchester	NH	566	39036.0	1142.0	0.75901725	27000.0	0.3836
Bloomfield College	Bloomfield	NJ	1324	28600.0	861.0	0.615788021	16750.0	0.3751
Caldwell University	Caldwell	NJ	1160	32650.0	962.0	0.854115154	18987.5	0.2978
Centenary University	Hackettstown	NJ	1205	32098.0	927.0	0.87883959	19500.0	0.3799
Felician University	Lodi	NJ	1316	32990.0	898.0	0.785549931	19500.0	0.2794
Georgian Court University	Lakewood	NJ	1104	31618.0	946.0	0.74456184	18500.0	0.2527
Rowan University	Glassboro	NJ	306	21378.0	1125.0	0.710133136	15000.0	0.5466
New Jersey City University	Jersey City	NJ	717	20458.0	875.0	0.850514171	12500.0	0.4048
Kean University	Union	NJ	546	18637.0	921.0	0.743995447	17750.0	0.3942
Monmouth University	West Long Branch	NJ	261	35364.0	1032.0	0.772892162	21100.0	0.4316
New Jersey Institute of Technology	Newark	NJ	214	31034.0	1204.0	0.593049017	18250.0	0.7846
Princeton University	Princeton	NJ	16	45320.0	1493.0	0.065215166	7500.0	0.517
Ramapo College of New Jersey	Mahwah	NJ	607	22870.0	1082.0	0.532626882	18750.0	0.4584
Rider University	Lawrenceville	NJ	394	39820.0	1012.0	0.715120198	20500.0	0.4157
Saint Peter's University	Jersey City	NJ	926	35192.0	930.0	0.742466941	16000.0	0.3646
Seton Hall University	South Orange	NJ	243	39258.0	1156.0	0.669021845	19500.0	0.4497
Stevens Institute of Technology	Hoboken	NJ	353	48838.0	1360.0	0.391145904	26000.0	0.705
Stockton University	Galloway	NJ	469	19861.0	1052.0	0.769374223	18188.0	0.4127
The College of New Jersey	Ewing	NJ	399	26971.0	1211.0	0.488625793	21194.5	0.4164
New Mexico Institute of Mining and Technology	Socorro	NM	335	20041.0	1195.0	0.234515935	11709.5	0.7308
University of the Southwest	Hobbs	NM	1588	15456.0	863.0	0.657794677	9500.0	0.5472
Adelphi University	Garden City	NY	451	35740.0	1114.0	0.70294192	20375.5	0.312
Albany College of Pharmacy and Health Sciences	Albany	NY	1549	31981.0	1141.0	0.69170579	25000.0	0.3873
Alfred University	Alfred	NY	605	27078.0	1038.0	0.627918912	22500.0	0.5281
Barnard College	New York	NY	318	50394.0	1375.0	0.167444492	16964.0	0.0
Canisius College	Buffalo	NY	615	35424.0	1103.0	0.778571429	20500.0	0.4797
Cazenovia College	Cazenovia	NY	1433	32674.0	976.0	0.898843931	19500.0	0.2704
Clarkson University	Potsdam	NY	376	46132.0	1190.0	0.682139825	24250.0	0.7047
Colgate University	Hamilton	NY	354	51955.0	1388.0	0.287824637	15500.0	0.4491
Columbia University in the City of New York	New York	NY	8	55056.0	1496.0	0.068253668	18794.0	0.5361
Concordia College-New York	Bronxville	NY	1367	30530.0	933.0	0.710472279	23500.0	0.3413
Cornell University	Ithaca	NY	4	50953.0	1436.0	0.140931836	12305.0	0.4804
D'Youville College	Buffalo	NY	1058	25210.0	970.0	0.805658972	19500.0	0.2464
Fordham University	Bronx	NY	91	49073.0	1281.0	0.452249197	21500.0	0.4284
Hamilton College	Clinton	NY	359	51240.0	1402.0	0.260803059	16565.0	0.4858
Hartwick College	Oneonta	NY	928	42860.0	1004.0	0.865418895	23250.0	0.4009
Hofstra University	Hempstead	NY	241	42160.0	1177.0	0.622217563	17152.0	0.4555
Houghton College	Houghton	NY	1093	30336.0	1109.0	0.793296089	19852.0	0.3742
Iona College	New Rochelle	NY	868	36584.0	1005.0	0.9145558	19250.0	0.4811
Keuka College	Keuka Park	NY	1312	29451.0	953.0	0.770029058	18750.0	0.2538
LIM College	New York	NY	1352	25725.0	938.0	0.934597156	18000.0	0.0814
Le Moyne College	Syracuse	NY	602	33030.0	1119.0	0.653103044	19000.0	0.3978
Long Island University	Brookville	NY	370	36256.0	1072.0	0.846109881	19000.0	0.3996
Manhattan College	Riverdale	NY	725	40004.0	1120.0	0.71368938	21500.0	0.5513
Marymount Manhattan College	New York	NY	1407	30290.0	1072.0	0.781576448	17583.0	0.2324
Medaille College	Buffalo	NY	1327	27276.0	906.0	0.692307692	15000.0	0.3019
Molloy College	Rockville Centre	NY	1015	29100.0	1079.0	0.769230769	23000.0	0.2544
Mount Saint Mary College	Newburgh	NY	1117	29048.0	991.0	0.898852415	20000.0	0.2811
College of Mount Saint Vincent	Bronx	NY	1343	35130.0	886.0	0.926509186	25000.0	0.2995
The New School	New York	NY	164	45440.0	1158.0	0.600866956	17541.5	0.2592
New York University	New York	NY	20	49062.0	1371.0	0.318671366	20500.0	0.4276
Niagara University	Niagara University	NY	739	30950.0	1042.0	0.828818101	21500.0	0.38
New York Institute of Technology	Old Westbury	NY	459	35160.0	1077.0	0.725505752	17140.0	0.644
New York School of Interior Design	New York	NY	1538	22710.0	957.0	0.347826087	15500.0	0.1148
Nyack College	Nyack	NY	1383	24850.0	920.0	0.997802198	15645.0	0.3843
Pace University	New York	NY	207	42772.0	1064.0	0.836762317	19400.0	0.395
Rensselaer Polytechnic Institute	Troy	NY	108	50797.0	1365.0	0.44347873	27000.0	0.6847
Roberts Wesleyan College	Rochester	NY	1081	29540.0	1057.0	0.647244094	19335.0	0.3049
Rochester Institute of Technology	Rochester	NY	92	38568.0	1254.0	0.549283697	24250.0	0.6659
St. Thomas Aquinas College	Sparkill	NY	1489	29600.0	941.0	0.791602663	17750.0	0.4688
Sarah Lawrence College	Bronxville	NY	524	52550.0	1291.0	0.517926988	13000.0	0.2861
Skidmore College	Saratoga Springs	NY	383	50834.0	1240.0	0.290817994	19000.0	0.3987
Farmingdale State College	Farmingdale	NY	941	17710.0	974.0	0.580158859	11250.0	0.5673
Stony Brook University	Stony Brook	NY	127	26239.0	1268.0	0.406668762	15646.0	0.5382
SUNY College of Environmental Science and Forestry	Syracuse	NY	386	17953.0	1157.0	0.5420957	15500.0	0.5372
SUNY Polytechnic Institute	Utica	NY	599	17627.0	1170.0	0.643141946	12500.0	0.6811
SUNY Cortland	Cortland	NY	540	17956.0	1073.0	0.521655172	17500.0	0.4418
State University of New York at New Paltz	New Paltz	NY	454	17604.0	1115.0	0.429426008	15500.0	0.3833
SUNY College at Old Westbury	Old Westbury	NY	1261	17533.0	972.0	0.686036671	13000.0	0.4065
SUNY Maritime College	Throggs Neck	NY	1188	17684.0	1128.0	0.580400276	20000.0	0.8825
Syracuse University	Syracuse	NY	77	45022.0	1204.0	0.523202794	27000.0	0.455
United States Merchant Marine Academy	Kings Point	NY	873	1167.0	1268.0	0.202991453	6500.0	0.8131
Vassar College	Poughkeepsie	NY	209	53090.0	1409.0	0.268820148	15500.0	0.4288
School of Visual Arts	New York	NY	340	36500.0	1084.0	0.744546649	23750.0	0.3295
Wells College	Aurora	NY	1134	38530.0	1005.0	0.924255319	22750.0	0.3412
Yeshiva University	New York	NY	249	40670.0	1217.0	0.507471608	15250.0	0.5398
Appalachian State University	Boone	NC	197	21652.0	1140.0	0.683229814	16000.0	0.4487
Barton College	Wilson	NC	1308	29052.0	948.0	0.408769448	17619.0	0.3044
Belmont Abbey College	Belmont	NC	1173	18500.0	987.0	0.97327249	18750.0	0.4703
Cabarrus College of Health Sciences	Concord	NC	1752	12268.0	979.0	1.0	14500.0	0.116
Campbell University	Buies Creek	NC	569	30050.0	1027.0	0.81000305	13750.0	0.4708
Catawba College	Salisbury	NC	1242	29333.0	980.0	0.470727848	18944.5	0.4655
Chowan University	Murfreesboro	NC	1275	23930.0	789.0	0.569660862	9500.0	0.461
Davidson College	Davidson	NC	324	48376.0	1353.0	0.201139195	16489.0	0.5081
Duke University	Durham	NC	30	51265.0	1460.0	0.108300969	9000.0	0.5063
East Carolina University	Greenville	NC	229	22955.0	1040.0	0.703432949	18250.0	0.4295
Elizabeth City State University	Elizabeth City	NC	1237	17860.0	884.0	0.571519796	20000.0	0.441
Elon University	Elon	NC	281	33104.0	1206.0	0.604377104	19500.0	0.41
Fayetteville State University	Fayetteville	NC	748	16693.0	888.0	0.592713077	17169.0	0.3183
Gardner-Webb University	Boiling Springs	NC	1181	29810.0	987.0	0.518793503	16546.0	0.3598
Greensboro College	Greensboro	NC	1553	28000.0	926.0	0.362486044	14625.0	0.5305
High Point University	High Point	NC	596	33405.0	1094.0	0.790767324	18324.0	0.4053
Lenoir-Rhyne University	Hickory	NC	1051	33730.0	980.0	0.701111111	15000.0	0.3987
Livingstone College	Salisbury	NC	1516	17764.0	730.0	0.477837014	12250.0	0.4933
Mars Hill University	Mars Hill	NC	1366	30534.0	935.0	0.567396131	14250.0	0.4711
Meredith College	Raleigh	NC	847	34907.0	1054.0	0.607904316	18000.0	0.0
Methodist University	Fayetteville	NC	1176	31980.0	955.0	0.547936371	11000.0	0.5426
Montreat College	Montreat	NC	1190	24940.0	960.0	0.613663133	13825.0	0.4708
University of Mount Olive	Mount Olive	NC	1447	19000.0	1005.0	0.476621418	19753.0	0.3326
University of North Carolina at Asheville	Asheville	NC	548	23372.0	1155.0	0.759296054	14000.0	0.4261
University of North Carolina at Chapel Hill	Chapel Hill	NC	23	33916.0	1338.0	0.269425894	15000.0	0.4149
University of North Carolina at Charlotte	Charlotte	NC	141	19934.0	1112.0	0.620276287	16350.0	0.5261
University of North Carolina at Greensboro	Greensboro	NC	204	21833.0	1054.0	0.739322859	15000.0	0.3379
North Carolina Central University	Durham	NC	576	18590.0	873.0	0.666898874	24171.5	0.3366
University of North Carolina School of the Arts	Winston-Salem	NC	905	24609.0	1139.0	0.544227886	23250.0	0.4983
North Carolina Wesleyan College	Rocky Mount	NC	1092	29150.0	919.0	0.615651313	14750.0	0.4089
University of North Carolina Wilmington	Wilmington	NC	298	20920.0	1137.0	0.717514124	16387.0	0.3839
William Peace University	Raleigh	NC	1388	27080.0	907.0	0.628448804	16149.0	0.4081
University of North Carolina at Pembroke	Pembroke	NC	601	16760.0	927.0	0.73562213	12943.0	0.3982
Pfeiffer University	Misenheimer	NC	1040	28995.0	922.0	0.441441441	16169.0	0.4545
Queens University of Charlotte	Charlotte	NC	788	32560.0	1061.0	0.82754418	19500.0	0.2945
Mid-Atlantic Christian University	Elizabeth City	NC	1710	13600.0	924.0	0.460580913	10625.0	0.4715
Saint Augustine's University	Raleigh	NC	1377	17890.0	712.0	0.727104777	15250.0	0.5403
Salem College	Winston-Salem	NC	1443	27406.0	1104.0	0.568421053	20515.0	0.0272
Wingate University	Wingate	NC	1319	29170.0	1042.0	0.695554676	14474.5	0.3969
Winston-Salem State University	Winston-Salem	NC	852	15915.0	870.0	0.632605304	15410.0	0.2853
Western Carolina University	Cullowhee	NC	385	17130.0	1034.0	0.406897306	15500.0	0.4567
Dickinson State University	Dickinson	ND	1480	8918.0	1116.0	0.917127072	9745.0	0.425
University of Jamestown	Jamestown	ND	1429	20480.0	1043.0	0.573076923	16736.0	0.4989
University of Mary	Bismarck	ND	993	17445.0	1067.0	0.77014652	14714.5	0.3531
Mayville State University	Mayville	ND	1567	9073.0	950.0	0.552083333	11636.0	0.4128
Minot State University	Minot	ND	1203	6568.0	975.0	0.598108747	12000.0	0.3789
University of North Dakota	Grand Forks	ND	239	19290.0	1090.0	0.836897356	16850.0	0.5653
Valley City State University	Valley City	ND	1391	16016.0	985.0	0.981182796	11225.0	0.4708
Art Academy of Cincinnati	Cincinnati	OH	1558	29752.0	970.0	0.305354559	15361.0	0.3184
Ashland University	Ashland	OH	600	20392.0	1051.0	0.724658728	18750.0	0.4928
Bluffton University	Bluffton	OH	592	30762.0	1010.0	0.49527027	19500.0	0.5044
Capital University	Columbus	OH	683	33492.0	1135.0	0.692325636	20091.0	0.3919
Case Western Reserve University	Cleveland	OH	111	46006.0	1408.0	0.354401904	22000.0	0.5505
Cedarville University	Cedarville	OH	568	28110.0	1188.0	0.690615836	16000.0	0.4853
Central State University	Wilberforce	OH	1098	8096.0	801.0	0.420133003	10750.0	0.4452
Cleveland Institute of Art	Cleveland	OH	1122	39585.0	1086.0	0.605324074	27000.0	0.4192
Cleveland State University	Cleveland	OH	264	13819.0	1029.0	0.874530957	14000.0	0.4726
University of Dayton	Dayton	OH	208	40940.0	1185.0	0.603478858	23000.0	0.5291
Defiance College	Defiance	OH	1427	31680.0	960.0	0.581818182	18835.5	0.5439
Denison University	Granville	OH	506	48960.0	1318.0	0.43612847	23250.0	0.4476
Good Samaritan College of Nursing and Health Science	Cincinnati	OH	1737	15530.0	990.0	0.706896552	17500.0	0.0968
Heidelberg University	Tiffin	OH	1062	29200.0	1023.0	0.793144919	19632.0	0.5218
Hiram College	Hiram	OH	1003	33040.0	1017.0	0.541848473	23251.0	0.501
John Carroll University	University Heights	OH	654	38490.0	1116.0	0.829919627	22477.5	0.5084
Kenyon College	Gambier	OH	282	51200.0	1359.0	0.2658129	17000.0	0.4502
Lake Erie College	Painesville	OH	1596	29960.0	946.0	0.630976431	16819.0	0.5213
Lourdes University	Sylvania	OH	1113	20620.0	989.0	0.89336235	23236.5	0.3573
Malone University	Canton	OH	1172	29422.0	1017.0	0.72814983	18243.0	0.4161
Marietta College	Marietta	OH	751	35330.0	1090.0	0.614074074	21500.0	0.6264
Mount Carmel College of Nursing	Columbus	OH	1610	12673.0	990.0	0.78974359	20251.0	0.0972
University of Mount Union	Alliance	OH	1184	29120.0	1056.0	0.76990099	22500.0	0.5225
Mount Vernon Nazarene University	Mount Vernon	OH	1374	26950.0	1050.0	0.742163009	17558.5	0.3773
Muskingum University	New Concord	OH	797	26928.0	1009.0	0.774051677	18127.0	0.4566
Notre Dame College	Cleveland	OH	1375	28300.0	942.0	0.902495379	16184.0	0.4726
Oberlin College	Oberlin	OH	256	52002.0	1364.0	0.280347499	24931.5	0.4335
Ohio Dominican University	Columbus	OH	1305	31080.0	1004.0	0.521584561	19500.0	0.45
Ohio Northern University	Ada	OH	657	29820.0	1160.0	0.641077783	24466.0	0.5589
Otterbein University	Westerville	OH	807	31874.0	1106.0	0.728739913	21635.0	0.3925
Shawnee State University	Portsmouth	OH	1032	14145.0	990.0	0.735749862	11300.0	0.4603
Franciscan University of Steubenville	Steubenville	OH	916	25680.0	1157.0	0.7875	19500.0	0.3935
University of Toledo	Toledo	OH	246	18885.0	1070.0	0.943183914	13000.0	0.5175
Ursuline College	Pepper Pike	OH	1488	29940.0	1008.0	0.896124031	22750.0	0.0665
Walsh University	North Canton	OH	920	28720.0	1024.0	0.776727702	22000.0	0.4026
Wilberforce University	Wilberforce	OH	1490	13250.0	827.0	0.384053902	10319.5	0.4406
Wilmington College	Wilmington	OH	1304	25000.0	964.0	0.865931269	18112.5	0.4518
The College of Wooster	Wooster	OH	519	46860.0	1219.0	0.581612846	21500.0	0.4551
Xavier University	Cincinnati	OH	437	36150.0	1146.0	0.68576402	21500.0	0.4629
Youngstown State University	Youngstown	OH	480	8557.0	1003.0	0.674542429	17250.0	0.4792
Bacone College	Muskogee	OK	1607	14850.0	826.0	0.504718917	9500.0	0.6283
Oklahoma Wesleyan University	Bartlesville	OK	1297	25070.0	969.0	0.728030566	16666.0	0.4065
University of Central Oklahoma	Edmond	OK	805	16460.0	1010.0	0.750272232	11625.0	0.4133
East Central University	Ada	OK	1135	15399.0	948.0	0.577652846	9590.5	0.4152
Northeastern State University	Tahlequah	OK	838	13707.0	1010.0	0.9374613	11650.0	0.4001
Northwestern Oklahoma State University	Alva	OK	1430	13538.0	970.0	0.437675726	7637.0	0.4286
Oklahoma Christian University	Edmond	OK	991	20840.0	1113.0	0.608156028	16000.0	0.5048
Oklahoma Baptist University	Shawnee	OK	1163	25310.0	1065.0	0.601075936	13403.5	0.3982
Oklahoma City University	Oklahoma City	OK	780	30726.0	1150.0	0.721511274	18603.0	0.3371
Oral Roberts University	Tulsa	OK	684	25676.0	1010.0	0.684609553	22178.5	0.3989
University of Science and Arts of Oklahoma	Chickasha	OK	1317	17550.0	994.0	0.488479263	9328.5	0.3437
Southeastern Oklahoma State University	Durant	OK	982	15720.0	970.0	0.773261066	9738.0	0.4647
Southwestern Christian University	Bethany	OK	1709	13080.0	904.0	0.411053541	13075.5	0.527
Southwestern Oklahoma State University	Weatherford	OK	1074	13440.0	990.0	0.908335995	9215.0	0.4185
Eastern Oregon University	La Grande	OR	783	18645.0	940.0	0.970278044	15000.0	0.3962
George Fox University	Newberg	OR	628	33730.0	1089.0	0.637560193	18750.0	0.4422
Oregon Institute of Technology	Klamath Falls	OR	799	27326.0	1050.0	0.730427764	15500.0	0.5446
Oregon State University	Corvallis	OR	55	28846.0	1127.0	0.772880442	17115.0	0.5371
University of Oregon	Eugene	OR	74	33441.0	1111.0	0.778699418	16143.5	0.465
Pacific University	Forest Grove	OR	434	41054.0	1122.0	0.788049209	21000.0	0.4172
Portland State University	Portland	OR	115	24852.0	1037.0	0.894241331	16250.0	0.468
University of Portland	Portland	OR	606	44104.0	1190.0	0.613214676	20662.0	0.404
Reed College	Portland	OR	308	52150.0	1380.0	0.31305872	13245.0	0.4513
Southern Oregon University	Ashland	OR	553	23170.0	1020.0	0.781995662	15000.0	0.4077
Corban University	Salem	OR	1404	30640.0	1063.0	0.345594179	18250.0	0.3887
Western Oregon University	Monmouth	OR	526	23445.0	953.0	0.877628404	15693.5	0.3876
DeSales University	Center Valley	PA	864	34850.0	1072.0	0.762320867	18750.0	0.401
Alvernia University	Reading	PA	972	32270.0	986.0	0.744966443	23174.0	0.2625
Arcadia University	Glenside	PA	610	40920.0	1120.0	0.632680321	21500.0	0.3135
Bloomsburg University of Pennsylvania	Bloomsburg	PA	587	21246.0	970.0	0.775562701	19250.0	0.437
Bryn Mawr College	Bryn Mawr	PA	216	48790.0	1337.0	0.39940239	23005.5	0.0
Bucknell University	Lewisburg	PA	230	51960.0	1312.0	0.299227615	25250.0	0.4936
Cabrini University	Radnor	PA	1208	30588.0	970.0	0.710608914	17750.0	0.3799
California University of Pennsylvania	California	PA	930	14673.0	918.0	0.964561856	17346.0	0.465
Carlow University	Pittsburgh	PA	1295	27764.0	982.0	0.863523573	20750.0	0.1371
Carnegie Mellon University	Pittsburgh	PA	25	52310.0	1458.0	0.217140969	24500.0	0.5368
Cedar Crest College	Allentown	PA	1136	36825.0	989.0	0.664710813	21000.0	0.131
Central Penn College	Summerdale	PA	1507	17646.0	778.0	0.985454545	12612.0	0.3625
Chestnut Hill College	Philadelphia	PA	1293	34140.0	951.0	0.938003221	20062.5	0.356
Clarion University of Pennsylvania	Clarion	PA	811	14764.0	942.0	0.941353887	19000.0	0.3641
Delaware Valley University	Doylestown	PA	1108	36750.0	990.0	0.683833408	16500.0	0.409
Drexel University	Philadelphia	PA	94	51030.0	1204.0	0.746460115	20500.0	0.5276
Duquesne University	Pittsburgh	PA	292	35062.0	1165.0	0.739386022	25000.0	0.3722
Eastern University	Saint Davids	PA	884	31140.0	1029.0	0.611947791	20000.0	0.2963
Edinboro University of Pennsylvania	Edinboro	PA	862	10640.0	945.0	0.952758402	17500.0	0.4229
Elizabethtown College	Elizabethtown	PA	575	43490.0	1088.0	0.734616707	25228.0	0.3853
Gannon University	Erie	PA	933	30042.0	1041.0	0.777494692	23500.0	0.4409
Geneva College	Beaver Falls	PA	976	25680.0	1082.0	0.705734089	19277.0	0.4883
Gwynedd Mercy University	Gwynedd Valley	PA	929	32480.0	934.0	0.908185841	20000.0	0.2423
Haverford College	Haverford	PA	365	51259.0	1431.0	0.213969503	11944.0	0.4814
Holy Family University	Philadelphia	PA	1469	29750.0	930.0	0.684941013	20250.0	0.2564
Immaculata University	Immaculata	PA	1154	35210.0	970.0	0.818922306	22541.0	0.2591
Keystone College	La Plume	PA	1441	25798.0	878.0	0.976336547	18473.0	0.3837
Kutztown University of Pennsylvania	Kutztown	PA	658	20710.0	975.0	0.797730829	19500.0	0.4618
La Roche University	Pittsburgh	PA	1408	27000.0	922.0	0.922727273	19000.0	0.4547
La Salle University	Philadelphia	PA	588	41100.0	986.0	0.76837652	19500.0	0.3899
Lafayette College	Easton	PA	422	49635.0	1297.0	0.282900406	22500.0	0.4901
Lancaster Bible College	Lancaster	PA	1199	21500.0	1015.0	0.673913043	12500.0	0.4945
Lebanon Valley College	Annville	PA	939	40550.0	1101.0	0.760640375	22188.0	0.4609
Lehigh University	Bethlehem	PA	180	48320.0	1340.0	0.261060957	21500.0	0.5621
Lincoln University	Lincoln University	PA	921	16733.0	835.0	0.871370421	20500.0	0.3667
Lock Haven University	Lock Haven	PA	345	19321.0	946.0	0.8784	19500.0	0.4255
Lycoming College	Williamsport	PA	849	37162.0	1035.0	0.695628998	24375.0	0.4803
Mansfield University of Pennsylvania	Mansfield	PA	1107	21292.0	965.0	0.875222025	19500.0	0.4016
Marywood University	Scranton	PA	975	33000.0	1030.0	0.683243728	24470.0	0.314
Millersville University of Pennsylvania	Millersville	PA	559	20854.0	1030.0	0.694796677	17058.0	0.4433
Misericordia University	Dallas	PA	1130	30740.0	1060.0	0.7443774	23250.0	0.3277
Moravian College	Bethlehem	PA	781	40287.0	1021.0	0.774468085	21500.0	0.4167
Mount Aloysius College	Cresson	PA	1417	21850.0	946.0	0.58580457	17220.0	0.2809
Muhlenberg College	Allentown	PA	578	48310.0	1241.0	0.482517483	23438.5	0.3954
Neumann University	Aston	PA	1197	28580.0	888.0	0.937415882	23466.0	0.3445
University of Pennsylvania	Philadelphia	PA	11	51464.0	1481.0	0.094403618	12500.0	0.4849
The University of the Arts	Philadelphia	PA	668	41464.0	1033.0	0.767945545	25250.0	0.3969
Point Park University	Pittsburgh	PA	909	29030.0	1014.0	0.708568623	20500.0	0.425
Robert Morris University	Moon Township	PA	869	28250.0	1050.0	0.798436628	21000.0	0.5758
Rosemont College	Rosemont	PA	1193	19480.0	899.0	0.690883191	16892.0	0.3912
Saint Francis University	Loretto	PA	1056	33344.0	1069.0	0.673558215	26210.0	0.3716
Saint Joseph's University	Philadelphia	PA	389	43020.0	1147.0	0.779335876	19500.0	0.4469
Saint Vincent College	Latrobe	PA	925	33426.0	1055.0	0.658687943	23353.5	0.519
University of Scranton	Scranton	PA	500	42162.0	1137.0	0.745501285	25250.0	0.4142
Shippensburg University of Pennsylvania	Shippensburg	PA	403	19542.0	970.0	0.88308329	17250.0	0.5052
Slippery Rock University of Pennsylvania	Slippery Rock	PA	665	13716.0	998.0	0.694854814	19445.5	0.4329
Swarthmore College	Swarthmore	PA	165	49104.0	1421.0	0.128029027	17673.0	0.4974
Thiel College	Greenville	PA	1506	29740.0	927.0	0.742252828	25000.0	0.5793
Villanova University	Villanova	PA	215	49280.0	1350.0	0.43503937	25000.0	0.4633
Waynesburg University	Waynesburg	PA	1298	22800.0	984.0	0.937077131	22500.0	0.4072
West Chester University of Pennsylvania	West Chester	PA	402	20812.0	1061.0	0.644795303	19265.0	0.4058
Widener University	Chester	PA	448	42870.0	1040.0	0.697256569	20928.5	0.4461
Wilkes University	Wilkes-Barre	PA	693	33568.0	1022.0	0.759246172	20077.0	0.5252
Wilson College	Chambersburg	PA	1182	24430.0	936.0	0.577148438	17432.0	0.1586
York College of Pennsylvania	York	PA	820	18780.0	1042.0	0.610192837	21250.0	0.4538
Brown University	Providence	RI	56	51366.0	1459.0	0.093053412	15439.0	0.4777
Providence College	Providence	RI	555	46970.0	1145.0	0.550277264	27000.0	0.4445
Rhode Island College	Providence	RI	472	19867.0	903.0	0.746891997	13320.5	0.316
University of Rhode Island	Kingston	RI	144	28874.0	1081.0	0.727623862	18500.0	0.4376
Rhode Island School of Design	Providence	RI	334	47110.0	1214.0	0.341210168	26172.0	0.3127
Charleston Southern University	Charleston	SC	877	24140.0	1021.0	0.606046829	15000.0	0.3793
Bob Jones University	Greenville	SC	671	15550.0	1068.0	0.873694207	12000.0	0.455
College of Charleston	Charleston	SC	272	29963.0	1111.0	0.841337274	15000.0	0.3648
Claflin University	Orangeburg	SC	1349	16158.0	900.0	0.418237989	23750.0	0.3487
Clemson University	Clemson	SC	105	34590.0	1269.0	0.505445418	19000.0	0.5228
Columbia International University	Columbia	SC	1269	21490.0	1067.0	0.357142857	15000.0	0.5153
Columbia College	Columbia	SC	800	28900.0	972.0	0.870722433	14670.5	0.2741
Converse College	Spartanburg	SC	1187	17000.0	1048.0	0.604120677	15000.0	0.0
Erskine College	Due West	SC	1333	34560.0	1028.0	0.758655804	12000.0	0.5033
Francis Marion University	Florence	SC	956	20308.0	927.0	0.615569823	18345.5	0.3126
Lander University	Greenwood	SC	749	20800.0	964.0	0.617545076	13000.0	0.3062
Limestone College	Gaffney	SC	1309	23900.0	1004.0	0.476470588	14750.0	0.4409
Newberry College	Newberry	SC	1334	25600.0	943.0	0.596539792	14750.0	0.5372
North Greenville University	Tigerville	SC	1279	17594.0	1119.0	0.591218306	11452.5	0.5197
Presbyterian College	Clinton	SC	1034	37142.0	1118.0	0.598254932	18383.5	0.4863
University of South Carolina-Aiken	Aiken	SC	970	20102.0	986.0	0.669151911	14255.5	0.3652
University of South Carolina-Beaufort	Bluffton	SC	1303	20630.0	980.0	0.651303538	11000.0	0.3427
Coastal Carolina University	Conway	SC	522	25120.0	1030.0	0.611830257	14000.0	0.4749
South Carolina State University	Orangeburg	SC	923	20500.0	766.0	0.862311205	22500.0	0.505
University of South Carolina-Upstate	Spartanburg	SC	990	22188.0	964.0	0.546293854	15000.0	0.3537
Winthrop University	Rock Hill	SC	536	28390.0	1039.0	0.685020243	20000.0	0.3127
Wofford College	Spartanburg	SC	679	40245.0	1185.0	0.701055499	21500.0	0.4824
Augustana University	Sioux Falls	SD	747	30944.0	1174.0	0.691256831	23259.0	0.4005
Black Hills State University	Spearfish	SD	983	10920.0	1009.0	0.797641217	12063.5	0.3747
Dakota State University	Madison	SD	662	11843.0	1029.0	0.826275787	12892.0	0.6374
Dakota Wesleyan University	Mitchell	SD	1322	26050.0	1005.0	0.726717557	19500.0	0.4341
Northern State University	Aberdeen	SD	833	10800.0	969.0	0.813861386	15000.0	0.4359
Presentation College	Aberdeen	SD	1665	19090.0	944.0	0.985239852	14750.0	0.3634
South Dakota School of Mines and Technology	Rapid City	SD	708	15320.0	1201.0	0.84502924	18251.0	0.7956
South Dakota State University	Brookings	SD	356	11403.0	1069.0	0.907597139	15500.0	0.4827
University of Sioux Falls	Sioux Falls	SD	1080	27160.0	1050.0	0.914942529	15000.0	0.3919
University of South Dakota	Vermillion	SD	332	11688.0	1050.0	0.881341835	16512.0	0.3858
Austin Peay State University	Clarksville	TN	603	22929.0	1010.0	0.888585209	12670.5	0.4213
Belmont University	Nashville	TN	498	31390.0	1185.0	0.810408922	17750.0	0.3668
Carson-Newman University	Jefferson City	TN	583	26360.0	1058.0	0.632850985	14669.5	0.4188
Christian Brothers University	Memphis	TN	908	30860.0	1125.0	0.522413071	16500.0	0.4688
Cumberland University	Lebanon	TN	1472	21210.0	988.0	0.489094514	17500.0	0.428
Lipscomb University	Nashville	TN	721	29756.0	1142.0	0.608545035	14145.0	0.3819
East Tennessee State University	Johnson City	TN	284	25573.0	1069.0	0.916422717	13250.0	0.4398
Fisk University	Nashville	TN	715	21480.0	926.0	0.784603216	21750.0	0.3361
Freed-Hardeman University	Henderson	TN	1262	21500.0	1098.0	0.963337547	17583.0	0.4248
Johnson University	Knoxville	TN	1527	13950.0	1006.0	0.788209607	15800.0	0.5297
Lane College	Jackson	TN	1495	10280.0	740.0	0.502730183	16000.0	0.5277
Lee University	Cleveland	TN	1039	15770.0	1107.0	0.872200264	16815.0	0.3931
Lincoln Memorial University	Harrogate	TN	839	21050.0	1008.0	0.502021563	13000.0	0.2884
Maryville College	Maryville	TN	1396	33524.0	1087.0	0.577879832	12500.0	0.4469
Middle Tennessee State University	Murfreesboro	TN	177	25416.0	1030.0	0.686109159	14250.0	0.4596
Rhodes College	Memphis	TN	501	44942.0	1291.0	0.543182325	22000.0	0.4434
Tennessee Wesleyan University	Athens	TN	1633	23000.0	1019.0	0.614300101	14250.0	0.3734
Trevecca Nazarene University	Nashville	TN	1189	24624.0	1031.0	0.722653493	12625.0	0.3967
Tusculum University	Greeneville	TN	1265	23125.0	962.0	0.743967828	17137.0	0.4732
Union University	Jackson	TN	784	30330.0	1200.0	0.625745527	20585.0	0.3437
Vanderbilt University	Nashville	TN	66	45610.0	1495.0	0.107484126	13439.5	0.4952
Abilene Christian University	Abilene	TX	487	32070.0	1077.0	0.508876317	15000.0	0.4119
Angelo State University	San Angelo	TX	630	16839.0	979.0	0.74372314	10918.0	0.4553
Austin College	Sherman	TX	882	37315.0	1195.0	0.534307876	19500.0	0.4853
Baylor University	Waco	TX	114	42006.0	1246.0	0.397216769	19500.0	0.4206
Concordia University Texas	Austin	TX	871	29260.0	984.0	0.834717608	14000.0	0.3659
Dallas Baptist University	Dallas	TX	927	26180.0	1060.0	0.431113839	15000.0	0.4149
Dallas Christian College	Dallas	TX	1608	17454.0	886.0	0.226666667	12500.0	0.5806
University of Dallas	Irving	TX	736	37230.0	1184.0	0.447628973	19500.0	0.4544
East Texas Baptist University	Marshall	TX	1389	24700.0	954.0	0.509272468	12250.0	0.4924
Hardin-Simmons University	Abilene	TX	1102	25830.0	1019.0	0.879895561	16943.5	0.445
Houston Baptist University	Houston	TX	720	30800.0	1057.0	0.345634504	12500.0	0.3748
University of Houston-Clear Lake	Houston	TX	745	18550.0	1017.0	0.647114475	12516.0	0.3563
University of Houston-Downtown	Houston	TX	750	15770.0	906.0	0.828755672	14000.0	0.3965
University of Houston	Houston	TX	81	21711.0	1152.0	0.585448137	13250.0	0.5124
Howard Payne University	Brownwood	TX	1455	26630.0	950.0	0.877229801	10750.0	0.5319
Huston-Tillotson University	Austin	TX	1241	14346.0	787.0	0.364836979	15875.0	0.4149
University of the Incarnate Word	San Antonio	TX	690	28898.0	893.0	0.918657855	21500.0	0.4017
Lamar University	Beaumont	TX	310	17938.0	960.0	0.761802957	11250.0	0.4161
LeTourneau University	Longview	TX	1049	28480.0	1150.0	0.441910966	19500.0	0.5535
Lubbock Christian University	Lubbock	TX	1342	21166.0	1034.0	0.953051643	15750.0	0.3965
University of Mary Hardin-Baylor	Belton	TX	953	26550.0	1051.0	0.788027697	17687.0	0.3649
McMurry University	Abilene	TX	1201	26275.0	938.0	0.480360934	12500.0	0.5561
Midwestern State University	Wichita Falls	TX	686	10570.0	973.0	0.744582491	13082.0	0.4224
University of North Texas	Denton	TX	98	19945.0	1090.0	0.717936527	13750.0	0.4796
Our Lady of the Lake University	San Antonio	TX	1066	27160.0	929.0	0.547266881	17795.0	0.312
Paul Quinn College	Dallas	TX	1760	8318.0	844.0	0.319040698	8100.0	0.452
Sam Houston State University	Huntsville	TX	300	17554.0	986.0	0.719496655	15140.0	0.3829
Schreiner University	Kerrville	TX	1468	25750.0	998.0	0.907815631	14250.0	0.4106
St. Mary's University	San Antonio	TX	651	28200.0	1036.0	0.776576162	21937.5	0.4668
Southern Methodist University	Dallas	TX	119	50358.0	1330.0	0.489207547	18250.0	0.5002
Southwestern Assemblies of God University	Waxahachie	TX	1415	19560.0	980.0	0.234732824	13750.0	0.4833
Southwestern University	Georgetown	TX	624	39060.0	1165.0	0.450304797	23500.0	0.4253
Texas State University	San Marcos	TX	191	21029.0	1033.0	0.711290252	14000.0	0.4286
Southwestern Adventist University	Keene	TX	1231	20276.0	929.0	0.499677627	16231.0	0.4134
Sul Ross State University	Alpine	TX	1300	16211.0	855.0	0.922209696	8250.0	0.4166
Tarleton State University	Stephenville	TX	660	16728.0	959.0	0.50391318	12607.5	0.3857
The University of Texas at Arlington	Arlington	TX	172	22920.0	1070.0	0.69820035	11686.0	0.3841
The University of Texas at Austin	Austin	TX	14	35682.0	1289.0	0.403738082	20366.0	0.4742
The University of Texas at Dallas	Richardson	TX	137	28808.0	1262.0	0.679883336	13000.0	0.5715
The University of Texas at El Paso	El Paso	TX	233	20523.0	927.0	0.999859826	11000.0	0.4684
The University of Texas at Tyler	Tyler	TX	687	20082.0	1050.0	0.693474962	11724.5	0.4367
Texas Christian University	Fort Worth	TX	271	42670.0	1223.0	0.375826157	18126.0	0.3965
Texas Lutheran University	Seguin	TX	1355	28910.0	973.0	0.426091037	16125.0	0.4888
The University of Texas at San Antonio	San Antonio	TX	189	18297.0	1033.0	0.764064516	14442.0	0.499
Texas Southern University	Houston	TX	635	21240.0	814.0	0.514892443	14252.0	0.445
Texas Tech University	Lubbock	TX	128	18220.0	1117.0	0.625970572	15500.0	0.5492
Texas Wesleyan University	Fort Worth	TX	1119	26050.0	995.0	0.411625549	13750.0	0.4867
Texas Woman's University	Denton	TX	485	17030.0	944.0	0.858832225	14917.0	0.098
Trinity University	San Antonio	TX	382	39560.0	1282.0	0.406616127	21500.0	0.4717
Wayland Baptist University	Plainview	TX	1222	15060.0	908.0	0.9984375	12500.0	0.5081
Brigham Young University-Hawaii	Laie	HI	832	5240.0	1096.0	0.270847458	5500.0	0.4056
Southern Utah University	Cedar City	UT	542	19810.0	1065.0	0.722784451	6773.5	0.4606
Utah State University	Logan	UT	110	20492.0	1087.0	0.902473865	8000.0	0.4763
Castleton University	Castleton	VT	1292	26722.0	965.0	0.953213611	19000.0	0.4805
Champlain College	Burlington	VT	530	38660.0	1134.0	0.699519231	19500.0	0.5823
Northern Vermont University	Johnson	VT	1061	23746.0	917.0	0.950867052	14900.0	0.339
Middlebury College	Middlebury	VT	178	50063.0	1394.0	0.161356163	11995.0	0.4823
University of Vermont	Burlington	VT	103	40364.0	1216.0	0.689402029	17903.0	0.431
Averett University	Danville	VA	1321	31980.0	902.0	0.564586995	17760.5	0.5095
Bluefield College	Bluefield	VA	1340	24380.0	903.0	0.848086124	13250.0	0.4642
Bridgewater College	Bridgewater	VA	917	32590.0	1022.0	0.527518034	20796.5	0.465
Regent University	Virginia Beach	VA	446	16438.0	1032.0	0.810258964	9500.0	0.3918
Christopher Newport University	Newport News	VA	531	24680.0	1158.0	0.621614445	21229.0	0.4349
Eastern Mennonite University	Harrisonburg	VA	768	34200.0	1049.0	0.611522634	14700.0	0.3471
Ferrum College	Ferrum	VA	1161	31915.0	865.0	0.72016832	12500.0	0.5477
George Mason University	Fairfax	VA	63	32582.0	1165.0	0.809879084	15993.5	0.4908
Hampden-Sydney College	Hampden-Sydney	VA	899	42962.0	1122.0	0.555980018	22500.0	0.9981
Hampton University	Hampton	VA	552	24242.0	973.0	0.648186296	19500.0	0.3288
Hollins University	Roanoke	VA	892	36835.0	1146.0	0.598759049	16524.0	0.0
James Madison University	Harrisonburg	VA	183	26164.0	1125.0	0.721273	17591.0	0.4084
Liberty University	Lynchburg	VA	156	21292.0	1094.0	0.243831925	14016.0	0.4157
Longwood University	Farmville	VA	580	27138.0	970.0	0.739492616	19000.0	0.3243
University of Lynchburg	Lynchburg	VA	804	36620.0	1023.0	0.637756079	21555.0	0.3967
Mary Baldwin University	Staunton	VA	1088	30635.0	983.0	0.994826312	18267.0	0.0669
University of Mary Washington	Fredericksburg	VA	463	26220.0	1114.0	0.744497608	15000.0	0.3587
Marymount University	Arlington	VA	757	29780.0	970.0	0.90549273	19500.0	0.3607
Norfolk State University	Norfolk	VA	786	20340.0	762.0	0.85492228	24000.0	0.358
Old Dominion University	Norfolk	VA	182	26730.0	1010.0	0.846370684	16508.0	0.4553
Randolph-Macon College	Ashland	VA	1050	38730.0	1091.0	0.614004222	24318.0	0.4675
Randolph College	Lynchburg	VA	1268	36770.0	1037.0	0.836079077	18000.0	0.3421
University of Richmond	University of Richmond	VA	185	49420.0	1338.0	0.324793706	19500.0	0.472
Roanoke College	Salem	VA	675	41429.0	1091.0	0.730432832	25000.0	0.4162
Shenandoah University	Winchester	VA	778	31322.0	1009.0	0.880167452	19800.0	0.4025
Southern Virginia University	Buena Vista	VA	1439	14900.0	993.0	0.453151618	8500.0	0.4865
Sweet Briar College	Sweet Briar	VA	420	36425.0	1035.0	0.930526316	21000.0	0.0
The University of Virginia's College at Wise	Wise	VA	1392	26239.0	963.0	0.777142857	12000.0	0.5026
Virginia Polytechnic Institute and State University	Blacksburg	VA	51	29975.0	1210.0	0.70872	21110.0	0.5726
Virginia Commonwealth University	Richmond	VA	102	32287.0	1094.0	0.811504255	18500.0	0.4162
Virginia Military Institute	Lexington	VA	581	41801.0	1156.0	0.509495388	19500.0	0.8862
Virginia State University	Petersburg	VA	814	19002.0	817.0	0.944774554	21500.0	0.425
Virginia Wesleyan University	Virginia Beach	VA	1078	35610.0	959.0	0.899637243	15830.0	0.3823
Washington and Lee University	Lexington	VA	297	48267.0	1396.0	0.235836111	19500.0	0.5165
Central Washington University	Ellensburg	WA	339	21522.0	1043.0	0.797105445	14669.0	0.4898
Eastern Washington University	Cheney	WA	486	23343.0	962.0	0.954782197	14924.0	0.4687
The Evergreen State College	Olympia	WA	325	23887.0	1056.0	0.974750132	12659.0	0.4338
Gonzaga University	Spokane	WA	349	39730.0	1224.0	0.672856363	23000.0	0.4763
Northwest University	Kirkland	WA	1255	29200.0	1061.0	0.933928571	12500.0	0.3512
Pacific Lutheran University	Tacoma	WA	507	39450.0	1116.0	0.768169761	21500.0	0.3682
Saint Martin's University	Lacey	WA	962	34356.0	1029.0	0.953125	19500.0	0.4762
Seattle Pacific University	Seattle	WA	456	38940.0	1108.0	0.872830937	21500.0	0.3251
Seattle University	Seattle	WA	304	41265.0	1208.0	0.736273185	18425.0	0.3939
Walla Walla University	College Place	WA	1105	26982.0	1074.0	0.620478859	21500.0	0.5051
Washington State University	Pullman	WA	64	25673.0	1054.0	0.720449554	14772.0	0.4789
Western Washington University	Bellingham	WA	194	21847.0	1122.0	0.831162658	15000.0	0.4385
Whitman College	Walla Walla	WA	488	47862.0	1324.0	0.510802881	17477.0	0.431
Whitworth University	Spokane	WA	885	40562.0	1143.0	0.885652974	22000.0	0.4004
Alderson Broaddus University	Philippi	WV	1446	25350.0	963.0	0.413843529	15000.0	0.5432
Appalachian Bible College	Mount Hope	WV	1658	14000.0	899.0	0.518518519	10397.5	0.475
Bluefield State College	Bluefield	WV	1617	12876.0	935.0	0.833078101	11500.0	0.3837
University of Charleston	Charleston	WV	1276	29900.0	971.0	0.518600777	12500.0	0.5459
Concord University	Athens	WV	1238	15722.0	972.0	0.811486486	11825.0	0.4173
Fairmont State University	Fairmont	WV	1294	14666.0	962.0	0.649562682	12000.0	0.4552
Glenville State College	Glenville	WV	1582	16560.0	901.0	0.694528875	11000.0	0.5887
Marshall University	Huntington	WV	293	16382.0	1010.0	0.894295645	14143.0	0.4337
Ohio Valley University	Vienna	WV	1641	20460.0	966.0	0.635502959	10250.0	0.5299
Shepherd University	Shepherdstown	WV	968	17482.0	994.0	0.919146184	14190.0	0.404
West Virginia State University	Institute	WV	1084	15572.0	927.0	0.962738302	11250.0	0.4738
West Liberty University	West Liberty	WV	1390	14394.0	965.0	0.717012914	16000.0	0.3835
West Virginia Wesleyan College	Buckhannon	WV	1314	29752.0	1032.0	0.77283237	18500.0	0.4544
West Virginia University	Morgantown	WV	118	22488.0	1065.0	0.744939795	14771.0	0.5408
Bellin College	Green Bay	WI	1716	20500.0	1110.0	0.891304348	15000.0	0.0939
Beloit College	Beloit	WI	508	47060.0	1222.0	0.698573281	23525.5	0.4662
Cardinal Stritch University	Milwaukee	WI	1094	28212.0	954.0	0.815245478	23438.0	0.3367
Carroll University	Waukesha	WI	903	30388.0	1089.0	0.715564539	21500.0	0.3487
Carthage College	Kenosha	WI	789	40265.0	1101.0	0.697289157	22250.0	0.4517
Edgewood College	Madison	WI	1012	27530.0	1069.0	0.758685446	19374.5	0.2768
Lakeland University	Plymouth	WI	1256	26560.0	909.0	0.55399061	15500.0	0.4274
Lawrence University	Appleton	WI	513	44844.0	1280.0	0.629784856	23950.0	0.4612
Marquette University	Milwaukee	WI	143	38470.0	1199.0	0.84340743	24250.0	0.459
Milwaukee School of Engineering	Milwaukee	WI	556	37980.0	1245.0	0.663067759	25500.0	0.7353
Mount Mary University	Milwaukee	WI	1313	28380.0	970.0	0.563134978	20837.0	0.0
Ripon College	Ripon	WI	1018	39142.0	1085.0	0.652565609	23250.0	0.4846
Viterbo University	La Crosse	WI	1100	26150.0	1065.0	0.625423729	20500.0	0.2601
University of Wisconsin-Whitewater	Whitewater	WI	460	16223.0	1050.0	0.693457688	18500.0	0.5123
University of Wisconsin-Eau Claire	Eau Claire	WI	276	16385.0	1110.0	0.780030722	16814.5	0.3841
University of Wisconsin-Green Bay	Green Bay	WI	366	15451.0	1050.0	0.731298846	14000.0	0.3344
University of Wisconsin-La Crosse	La Crosse	WI	405	17612.0	1145.0	0.742410443	18241.0	0.4388
Wisconsin Lutheran College	Milwaukee	WI	1246	27984.0	1107.0	0.902735562	18700.5	0.4328
University of Wisconsin-Oshkosh	Oshkosh	WI	426	15117.0	1030.0	0.650213828	16250.0	0.4208
University of Wisconsin-Parkside	Kenosha	WI	707	15356.0	970.0	0.624647225	13000.0	0.4765
University of Wisconsin-Stout	Menomonie	WI	477	17141.0	1030.0	0.883965015	16838.0	0.5518
University of Wisconsin-Superior	Superior	WI	981	15661.0	1010.0	0.761061947	15533.0	0.3893
University of Wisconsin-Madison	Madison	WI	13	32738.0	1302.0	0.526234051	19639.0	0.491
University of Wisconsin-Milwaukee	Milwaukee	WI	129	19851.0	1050.0	0.732859574	16000.0	0.4876
University of Wisconsin-Platteville	Platteville	WI	645	15334.0	1090.0	0.803311095	17484.0	0.6644
University of Wisconsin-River Falls	River Falls	WI	705	15554.0	1050.0	0.721534653	15500.0	0.39
University of Wisconsin-Stevens Point	Stevens Point	WI	302	16426.0	1050.0	0.814239158	17500.0	0.4737
University of Wyoming	Laramie	WY	157	16215.0	1102.0	0.950849887	11250.0	0.4929
Stanford University	Stanford	CA	3	47940.0	1476.0	0.048139646	10873.5	0.5148
New College of Florida	Sarasota	FL	1027	29944.0	1263.0	0.712773465	9798.5	0.3821
Soka University of America	Aliso Viejo	CA	1124	31042.0	1233.0	0.384	18874.0	0.3837
Florida Gulf Coast University	Fort Myers	FL	411	25162.0	1090.0	0.561472976	12000.0	0.4422
The King's University	Southlake	TX	1723	13650.0	1073.0	0.483146067	15750.0	0.4765
Ave Maria University	Ave Maria	FL	1191	19128.0	1103.0	0.398987575	13157.0	0.4848
Ecclesia College	Springdale	AR	1733	15140.0	845.0	0.402843602	7500.0	0.5547
The King's College	New York	NY	1424	34320.0	1180.0	0.408682635	12000.0	0.3558
John Paul the Great Catholic University	Escondido	CA	1676	24900.0	1088.0	0.980392157	19167.0	0.5286
Augusta University	Augusta	GA	362	22990.0	1043.0	0.77229021	11868.5	0.3558
University of North Georgia	Dahlonega	GA	574	12752.0	966.0	0.750440744	8251.0	0.4492
Kennesaw State University	Kennesaw	GA	211	16636.0	1090.0	0.585041661	12000.0	0.52
Husson University	Bangor	ME	958	17035.0	964.0	0.802439024	18247.0	0.4543
